id,name,slug,primary_muscles,secondary_muscles,other_muscles,equipment,movement_type,force_type,category,difficulty,video_demo_url,svg_demo,created_at,updated_at,is_main_lift,ranking_weight,is_bodyweight,allows_external_weight
fea2a155-fac2-4648-9dc5-5cd76066bdc1,abcoaster,abcoaster,"[""abs""]","[""obliques""]","[""hip flexors""]","[""machine""]",isolation,pull,strength,1,,,2026-02-19 14:57:01.390603+00,2026-02-19 14:57:01.390603+00,false,0.3,false,true
3d23b0bd-3706-4c28-852d-f98ff26f9e57,hip abduction machine,hip-abduction-machine,"[""glutes""]","[""hip abductors""]","[""tensor fasciae latae""]","[""machine""]",isolation,push,strength,1,,,2026-02-19 14:31:03.013654+00,2026-02-19 14:31:03.013654+00,false,0.3,false,true
9ad36eac-ab3e-4c1b-a516-234e1c4d086c,hip adduction machine,hip-adduction-machine,"[""adductors""]","[""gracilis""]","[""hamstrings""]","[""machine""]",isolation,push,strength,1,,,2026-02-19 14:31:03.013654+00,2026-02-19 14:31:03.013654+00,false,0.3,false,true
2f5ee441-4fd7-43ee-a4a4-26793c7db1ae,air bike,air-bike,"[""quadriceps"",""hamstrings""]","[""glutes"",""core""]","[""shoulders""]","[""machine""]",compound,push,strength,1,,,2026-02-19 14:57:01.390603+00,2026-02-19 14:57:01.390603+00,false,0.3,false,false
e77ae65c-f2af-46bc-b1d8-95d27b55042f,alternating arm kettlebell swing,alternating-arm-kettlebell-swing,"[""glutes"",""hamstrings""]","[""lower back"",""shoulders""]","[""core""]","[""kettlebell""]",compound,push,strength,2,,,2026-02-19 14:57:01.390603+00,2026-02-19 14:57:01.390603+00,false,0.3,false,true
4454f090-872f-4491-8b0e-a846ac5dd945,archer pull-ups,archer-pull-ups,"[""lats""]","[""biceps"",""middle back""]","[""forearms"",""core""]","[""bodyweight""]",compound,pull,strength,2,,,2026-02-19 14:57:01.390603+00,2026-02-19 14:57:01.390603+00,false,0.3,true,false
caadc082-ea1a-40a8-96d0-4316daf15776,archer push-ups,archer-push-ups,"[""chest""]","[""triceps"",""shoulders""]","[""core""]","[""bodyweight""]",compound,push,strength,2,,,2026-02-19 14:57:01.390603+00,2026-02-19 14:57:01.390603+00,false,0.3,true,false
61c7f3cc-f881-4dab-aff9-f7086faf1564,bent arm barbell pullover,bent-arm-barbell-pullover,"[""chest"",""lats""]","[""triceps""]","[""shoulders""]","[""barbell""]",compound,pull,strength,2,,,2026-02-19 14:57:01.390603+00,2026-02-19 14:57:01.390603+00,false,0.3,false,true
a1000017-0000-4000-a000-000000000017,single arm triceps extension,single-arm-triceps-extension,"[""triceps""]",[],[],"[""dumbbell""]",isolation,push,strength,1,,,2026-02-21 07:00:00+00,2026-02-21 07:00:00+00,false,0.3,false,true
a100000c-0000-4000-a000-00000000000c,straight arm pulldown,straight-arm-pulldown,"[""lats""]","[""rear delts""]","[""triceps""]","[""cable""]",isolation,pull,strength,1,,,2026-02-21 07:00:00+00,2026-02-21 07:00:00+00,false,0.5,false,true
a100000d-0000-4000-a000-00000000000d,dumbbell arnold press,dumbbell-arnold-press,"[""shoulders""]","[""triceps""]","[""upper chest""]","[""dumbbell""]",compound,push,strength,2,,,2026-02-21 07:00:00+00,2026-02-21 07:00:00+00,false,0.7,false,true
9b5316e9-5ea5-4a5b-97e7-f1db0da096cc,band assisted pull-ups,band-assisted-pull-ups,"[""lats""]","[""biceps"",""middle back""]","[""forearms""]","[""other""]",compound,pull,strength,1,,,2026-02-19 14:57:01.390603+00,2026-02-19 14:57:01.390603+00,false,0.3,false,false
6d6fc003-ed9d-42e2-a1f0-d6b9f47e8f68,assisted chin-ups,assisted-chin-ups,"[""lats"",""biceps""]","[""middle back""]","[""forearms""]","[""machine""]",compound,pull,strength,1,,,2026-02-19 14:57:01.390603+00,2026-02-19 14:57:01.390603+00,false,0.6,false,true
3a8dd64f-b18b-42c3-8d35-04be04225de2,assisted dips,assisted-dips,"[""triceps""]","[""chest"",""shoulders""]",[],"[""machine""]",compound,push,strength,1,,,2026-02-19 14:31:03.013654+00,2026-02-19 14:31:03.013654+00,false,0.6,false,true
56ac803b-f494-4dc3-9241-1374c2d29b72,assisted muscle-ups,assisted-muscle-ups,"[""lats"",""chest""]","[""biceps"",""triceps""]","[""shoulders"",""core""]","[""machine""]",compound,pull,strength,2,,,2026-02-19 14:57:01.390603+00,2026-02-19 14:57:01.390603+00,false,0.3,false,true
1dbfba12-05e9-431f-aaf9-94e8f80eab4a,assisted pull ups,assisted-pull-ups,"[""lats""]","[""biceps"",""middle back""]","[""forearms""]","[""machine""]",compound,pull,strength,1,,,2026-02-19 14:31:03.013654+00,2026-02-19 14:31:03.013654+00,false,0.6,false,true
0ccfb882-51ca-4e9d-af3b-548897191a86,behind the back barbell shrug,behind-the-back-barbell-shrug,"[""traps""]","[""shoulders""]","[""forearms""]","[""barbell""]",isolation,pull,strength,2,,,2026-02-19 14:57:01.390603+00,2026-02-19 14:57:01.390603+00,false,0.3,false,true
6d6f46ec-ea92-4f38-9baa-d42975f1a706,barbell back squat,barbell-back-squat,"[""quadriceps"",""glutes""]","[""hamstrings""]","[""core"",""lower back""]","[""barbell""]",compound,push,strength,3,,,2026-02-20 01:06:36.567523+00,2026-02-20 01:06:36.567523+00,true,1,false,true
9ca8dd6d-5430-46c0-ab90-23c2c0e3b19e,behind the back deadlift,behind-the-back-deadlift,"[""quadriceps"",""glutes""]","[""hamstrings"",""traps""]","[""forearms""]","[""barbell""]",compound,pull,strength,2,,,2026-02-19 14:57:01.390603+00,2026-02-19 14:57:01.390603+00,false,0.3,false,true
ed8ace3c-8285-4da8-adb8-dd216c828db7,back extension,back-extension,"[""lower back""]","[""glutes"",""hamstrings""]",[],"[""bodyweight""]",isolation,pull,strength,1,,,2026-02-19 14:46:09.528589+00,2026-02-19 14:46:09.528589+00,false,0.6,true,true
e198093e-c521-42d1-a4dc-d77c8ec1ed2e,medicine ball slam,medicine-ball-slam,"[""abs"",""shoulders""]","[""lats"",""core""]",[],"[""other""]",compound,push,strength,1,,,2026-02-19 14:46:09.528589+00,2026-02-19 14:46:09.528589+00,false,0.3,false,true
a1000018-0000-4000-a000-000000000018,band chest fly,band-chest-fly,"[""chest""]","[""shoulders""]",[],"[""other""]",isolation,push,strength,1,,,2026-02-21 07:00:00+00,2026-02-21 07:00:00+00,false,0.3,false,false
f1e8cd18-12d5-4561-bc8b-ec4492c0fd0f,band pull-apart,band-pull-apart,"[""rear delts""]","[""middle back"",""traps""]",[],"[""other""]",isolation,pull,strength,1,,,2026-02-19 14:46:09.528589+00,2026-02-19 14:46:09.528589+00,false,0.3,false,false
3fb4567d-90e0-4445-8f65-7ba3b76e0faa,trap bar deadlift,trap-bar-deadlift,"[""quadriceps"",""glutes"",""hamstrings""]","[""lower back"",""traps""]","[""forearms""]","[""barbell""]",compound,pull,strength,2,,,2026-02-19 14:46:09.528589+00,2026-02-19 14:46:09.528589+00,false,0.8,false,true
b54f3d82-9a13-4dd0-9833-fdb3d95b58a3,safety bar squat,safety-bar-squat,"[""quadriceps"",""glutes""]","[""hamstrings""]","[""core"",""upper back""]","[""barbell""]",compound,push,strength,2,,,2026-02-19 14:46:09.528589+00,2026-02-19 14:46:09.528589+00,false,0.8,false,true
38e9c777-50fc-4934-89df-d468f07f3ede,bayesian curl,bayesian-curl,"[""biceps""]","[""brachialis""]",[],"[""cable""]",isolation,pull,strength,2,,,2026-02-19 14:57:01.390603+00,2026-02-19 14:57:01.390603+00,false,0.5,false,true
a1000019-0000-4000-a000-000000000019,barbell bent over row,barbell-bent-over-row,"[""lats"",""middle back""]","[""biceps"",""rear delts""]","[""forearms""]","[""barbell""]",compound,pull,strength,2,,,2026-02-21 07:00:00+00,2026-02-21 07:00:00+00,false,0.7,false,true
a94e5195-beb5-4457-93a7-12a08b00b4c7,barbell glute bridge,barbell-glute-bridge,"[""glutes""]","[""hamstrings""]","[""core""]","[""barbell""]",compound,push,strength,1,,,2026-02-19 14:57:01.390603+00,2026-02-19 14:57:01.390603+00,false,0.8,false,true
061b607e-00e3-4a7a-9fe7-0f6a82634745,barbell calf raise,barbell-calf-raise,"[""calves""]",[],[],"[""barbell""]",isolation,push,strength,1,,,2026-02-19 14:57:01.390603+00,2026-02-19 14:57:01.390603+00,false,0.6,false,true
51408920-3d63-4ee8-a9d2-ec5dec71bbce,barbell concentration curl,barbell-concentration-curl,"[""biceps""]","[""brachialis""]","[""forearms""]","[""barbell""]",isolation,pull,strength,2,,,2026-02-19 14:57:01.390603+00,2026-02-19 14:57:01.390603+00,false,0.3,false,true
a1000014-0000-4000-a000-000000000014,barbell curl,barbell-curl,"[""biceps""]","[""forearms""]",[],"[""barbell""]",isolation,pull,strength,1,,,2026-02-21 07:00:00+00,2026-02-21 07:00:00+00,false,0.6,false,true
83e99a91-1e5e-465d-81bb-f1c959f5484c,barbell preacher curl,barbell-preacher-curl,"[""biceps""]","[""brachialis""]","[""forearms""]","[""barbell""]",isolation,pull,strength,1,,,2026-02-19 14:46:09.528589+00,2026-02-19 14:46:09.528589+00,false,0.6,false,true
1c24c456-dadc-4b12-9b36-69a6b15ef827,reverse barbell curl,reverse-barbell-curl,"[""forearms"",""biceps""]","[""brachialis""]",[],"[""barbell""]",isolation,pull,strength,1,,,2026-02-19 14:46:09.528589+00,2026-02-19 14:46:09.528589+00,false,0.3,false,true
7c2aa651-cc74-45ce-88d2-89c0e103ab9b,barbell wrist curl,barbell-wrist-curl,"[""forearms""]",[],[],"[""barbell""]",isolation,pull,strength,1,,,2026-02-19 14:46:09.528589+00,2026-02-19 14:46:09.528589+00,false,0.3,false,true
24627197-8d8b-48eb-a437-03e7e8d3780f,barbell flexion row,barbell-flexion-row,"[""middle back"",""lats""]","[""biceps"",""rear delts""]","[""forearms""]","[""barbell""]",compound,pull,strength,2,,,2026-02-19 14:57:01.390603+00,2026-02-19 14:57:01.390603+00,false,0.3,false,true
1ac40b49-bae5-45c6-b7d5-fd9998b527e0,barbell front raise,barbell-front-raise,"[""shoulders""]","[""upper chest""]",[],"[""barbell""]",isolation,push,strength,1,,,2026-02-19 14:57:01.390603+00,2026-02-19 14:57:01.390603+00,false,0.3,false,true
0abdf2ba-3f47-4f40-a532-fa19bcebfbad,barbell hack squat,barbell-hack-squat,"[""quadriceps""]","[""glutes"",""hamstrings""]","[""lower back""]","[""barbell""]",compound,push,strength,2,,,2026-02-19 14:57:01.390603+00,2026-02-19 14:57:01.390603+00,false,0.6,false,true
122fb563-ed37-4e53-aa91-d23958f227d0,barbell lunge,barbell-lunge,"[""quadriceps"",""glutes""]","[""hamstrings""]","[""core""]","[""barbell""]",compound,push,strength,2,,,2026-02-19 14:46:09.528589+00,2026-02-19 14:46:09.528589+00,false,0.7,false,true
25b4d529-9358-4d0f-a722-bcd774c56cda,barbell reverse lunge,barbell-reverse-lunge,"[""quadriceps"",""glutes""]","[""hamstrings""]","[""core""]","[""barbell""]",compound,push,strength,2,,,2026-02-19 14:57:01.390603+00,2026-02-19 14:57:01.390603+00,false,0.6,false,true
7a7fffd6-4c5d-42cc-931c-9c5994ac0cb5,barbell power shrug,barbell-power-shrug,"[""traps""]","[""shoulders""]","[""forearms""]","[""barbell""]",compound,pull,strength,2,,,2026-02-19 14:57:01.390603+00,2026-02-19 14:57:01.390603+00,false,0.3,false,true
54c93624-7828-44f2-9a1f-a5eaa1f8e3f7,barbell pullover,barbell-pullover,"[""chest"",""lats""]","[""triceps""]",[],"[""barbell""]",compound,pull,strength,2,,,2026-02-19 14:57:01.390603+00,2026-02-19 14:57:01.390603+00,false,0.3,false,true
5d9af3af-1c5d-4e24-b4bf-d74b39c104e9,underhand barbell row,underhand-barbell-row,"[""lats"",""middle back""]","[""biceps""]","[""forearms""]","[""barbell""]",compound,pull,strength,2,,,2026-02-19 14:46:09.528589+00,2026-02-19 14:46:09.528589+00,false,0.6,false,true
a100000f-0000-4000-a000-00000000000f,barbell upright row,barbell-upright-row,"[""shoulders"",""traps""]","[""biceps""]",[],"[""barbell""]",compound,pull,strength,1,,,2026-02-21 07:00:00+00,2026-02-21 07:00:00+00,false,0.6,false,true
15ac6882-160d-4dad-9930-cb8744b2da52,barbell shrug,barbell-shrug,"[""traps""]",[],"[""forearms""]","[""barbell""]",isolation,pull,strength,1,,,2026-02-19 14:46:09.528589+00,2026-02-19 14:46:09.528589+00,false,0.6,false,true
50564236-115b-414e-8865-92dd209f6d59,behind the neck press,behind-the-neck-press,"[""shoulders""]","[""triceps""]","[""traps""]","[""barbell""]",compound,push,strength,2,,,2026-02-19 14:46:09.528589+00,2026-02-19 14:46:09.528589+00,false,0.6,false,true
a100001a-0000-4000-a000-00000000001a,ben's,ben-s,"[""upper back""]","[""rear delts""]",[],"[""machine""]",compound,pull,strength,1,,,2026-02-21 07:00:00+00,2026-02-21 07:00:00+00,false,0.3,false,true
f4f793a0-f8d6-41b1-bf30-0396a5f8c2a0,close-grip bench press,close-grip-bench-press,"[""triceps"",""chest""]","[""shoulders""]",[],"[""barbell""]",compound,push,strength,2,,,2026-02-19 14:46:09.528589+00,2026-02-19 14:46:09.528589+00,false,0.8,false,true
a1000002-0000-4000-a000-000000000002,incline dumbbell bench press,incline-dumbbell-bench-press,"[""upper chest""]","[""triceps"",""shoulders""]",[],"[""dumbbell""]",compound,push,strength,1,,,2026-02-21 07:00:00+00,2026-02-21 07:00:00+00,false,0.7,false,true
5a59a344-beab-415a-b850-30c7f4705528,bench dip,bench-dip,"[""triceps""]","[""chest"",""shoulders""]",[],"[""bodyweight""]",compound,push,strength,1,,,2026-02-19 14:46:09.528589+00,2026-02-19 14:46:09.528589+00,false,0.6,true,true
09789cb0-3be7-4f2d-957b-8d56a2aa8723,smith machine incline bench press,smith-machine-incline-bench-press,"[""upper chest""]","[""triceps"",""shoulders""]",[],"[""machine""]",compound,push,strength,1,,,2026-02-19 14:46:09.528589+00,2026-02-19 14:46:09.528589+00,false,0.6,false,true
2e50024a-f253-4859-9a8d-69b24e5cdd2a,bench pin press,bench-pin-press,"[""chest"",""triceps""]","[""shoulders""]",[],"[""barbell""]",compound,push,strength,2,,,2026-02-19 14:57:01.390603+00,2026-02-19 14:57:01.390603+00,false,0.3,false,true
9d6c70f6-9761-4b1b-bdfb-44e6042bbbdf,bench press,bench-press,"[""chest""]","[""triceps"",""shoulders""]",[],"[""barbell""]",compound,push,strength,2,,,2026-02-20 00:46:07.312441+00,2026-02-20 00:46:07.312441+00,true,1,false,true
1aaccc60-30d2-47c1-88ac-a0031c875fbc,bench pull,bench-pull,"[""middle back"",""lats""]","[""biceps"",""rear delts""]",[],"[""barbell""]",compound,pull,strength,2,,,2026-02-19 14:57:01.390603+00,2026-02-19 14:57:01.390603+00,false,0.3,false,true
274b0dfb-4634-480f-9da0-ffc0eaf8b0c7,bent over dumbbell row,bent-over-dumbbell-row,"[""middle back"",""lats""]","[""biceps"",""rear delts""]","[""forearms""]","[""dumbbell""]",compound,pull,strength,1,,,2026-02-19 14:57:01.390603+00,2026-02-19 14:57:01.390603+00,false,0.7,false,true
19122fad-f27b-4689-b7cb-0b05f0ed1571,bent over folded twists,bent-over-folded-twists,"[""obliques"",""abs""]","[""lower back""]",[],"[""bodyweight""]",isolation,push,strength,1,,,2026-02-19 14:57:01.390603+00,2026-02-19 14:57:01.390603+00,false,0.3,true,false
a1000012-0000-4000-a000-000000000012,machine bicep curl,machine-bicep-curl,"[""biceps""]","[""brachialis""]","[""forearms""]","[""machine""]",isolation,pull,strength,1,,,2026-02-21 07:00:00+00,2026-02-21 07:00:00+00,false,0.5,false,true
18f75180-8dd2-4c9f-ba01-2683f2ed336d,bicycle crunch,bicycle-crunch,"[""abs"",""obliques""]",[],"[""hip flexors""]","[""bodyweight""]",isolation,pull,strength,1,,,2026-02-19 14:46:09.528589+00,2026-02-19 14:46:09.528589+00,false,0.3,true,false
a29eab92-ea33-41b8-b2fd-d006303d621a,box jump,box-jump,"[""quadriceps"",""glutes""]","[""hamstrings"",""calves""]",[],"[""bodyweight""]",compound,push,strength,2,,,2026-02-19 14:46:09.528589+00,2026-02-19 14:46:09.528589+00,false,0.3,true,false
747d2a58-887c-4838-92c8-edd055acd890,dead bug,dead-bug,"[""abs"",""core""]",[],[],"[""bodyweight""]",isolation,push,strength,1,,,2026-02-19 14:46:09.528589+00,2026-02-19 14:46:09.528589+00,false,0.3,true,false
d5c44f3d-bf97-41f4-96be-34b004b7c47b,donkey calf raise,donkey-calf-raise,"[""calves""]",[],[],"[""machine""]",isolation,push,strength,1,,,2026-02-19 14:46:09.528589+00,2026-02-19 14:46:09.528589+00,false,0.6,false,true
a100000a-0000-4000-a000-00000000000a,calf press on leg press,calf-press-on-leg-press,"[""calves""]",[],[],"[""machine""]",isolation,push,strength,1,,,2026-02-21 07:00:00+00,2026-02-21 07:00:00+00,false,0.3,false,true
09f228db-b2b7-4195-bcc6-855442b8884e,standing calf raise,standing-calf-raise,"[""calves""]",[],[],"[""machine""]",isolation,push,strength,1,,,2026-02-20 01:06:36.567523+00,2026-02-20 01:06:36.567523+00,true,1,false,true
e5779840-fcbe-4c1c-a875-394a2a94134e,cable chest fly,cable-chest-fly,"[""chest""]","[""shoulders""]",[],"[""cable""]",isolation,push,strength,1,,,2026-02-19 14:46:09.528589+00,2026-02-19 14:46:09.528589+00,false,0.6,false,true
d162fa4e-f8d0-4c2c-bb18-d2af34952827,cable chest press,cable-chest-press,"[""chest""]","[""triceps"",""shoulders""]",[],"[""cable""]",compound,push,strength,1,,,2026-02-19 14:46:09.528589+00,2026-02-19 14:46:09.528589+00,false,0.6,false,true
16b1e83e-651b-4c46-bd14-b02cd86c4fde,cable wood chop,cable-wood-chop,"[""obliques"",""abs""]","[""shoulders""]","[""core""]","[""cable""]",compound,push,strength,1,,,2026-02-19 14:46:09.528589+00,2026-02-19 14:46:09.528589+00,false,0.3,false,true
0545ccf0-1fc1-4b5c-8581-850fda673c85,cable crunch,cable-crunch,"[""abs""]","[""obliques""]",[],"[""cable""]",isolation,pull,strength,1,,,2026-02-20 01:06:36.567523+00,2026-02-20 01:06:36.567523+00,true,1,false,true
a1000011-0000-4000-a000-000000000011,cable curl,cable-curl,"[""biceps""]","[""forearms""]",[],"[""cable""]",isolation,pull,strength,1,,,2026-02-21 07:00:00+00,2026-02-21 07:00:00+00,false,0.5,false,true
a1000007-0000-4000-a000-000000000007,cable hammer curl,cable-hammer-curl,"[""biceps""]","[""brachialis"",""forearms""]",[],"[""cable""]",isolation,pull,strength,1,,,2026-02-21 07:00:00+00,2026-02-21 07:00:00+00,false,0.5,false,true
d51320ba-3a5a-4abe-a219-c18d25303a95,overhead cable triceps extension,overhead-cable-triceps-extension,"[""triceps""]",[],[],"[""cable""]",isolation,push,strength,1,,,2026-02-19 14:46:09.528589+00,2026-02-19 14:46:09.528589+00,false,0.6,false,true
a1000015-0000-4000-a000-000000000015,cable triceps extension,cable-triceps-extension,"[""triceps""]",[],[],"[""cable""]",isolation,push,strength,1,,,2026-02-21 07:00:00+00,2026-02-21 07:00:00+00,false,0.5,false,true
a1000001-0000-4000-a000-000000000001,cable face pull,cable-face-pull,"[""rear delts""]","[""middle back"",""traps""]",[],"[""cable""]",compound,pull,strength,1,,,2026-02-21 07:00:00+00,2026-02-21 07:00:00+00,false,0.5,false,true
a28fb4ac-46fc-45e3-b57d-a7e53a3fbe48,seated wide grip cable row,seated-wide-grip-cable-row,"[""lats"",""upper back""]","[""rear delts"",""biceps""]","[""forearms""]","[""cable""]",compound,pull,strength,2,,,2026-02-21 06:32:39.893245+00,2026-02-21 06:32:39.893245+00,,,,
b5383b6e-9bdd-474d-884c-c9e6a99602b9,cable lateral raise,cable-lateral-raise,"[""shoulders""]","[""traps""]",[],"[""cable""]",isolation,pull,strength,1,,,2026-02-21 06:22:31.790168+00,2026-02-21 06:22:31.790168+00,,,,
1e7361b6-afda-4b93-b2ff-f8c79518610e,cable pull through,cable-pull-through,"[""glutes"",""hamstrings""]","[""lower back""]",[],"[""cable""]",compound,pull,strength,1,,,2026-02-19 14:46:09.528589+00,2026-02-19 14:46:09.528589+00,false,0.3,false,true
0d43f3f7-470e-4fd6-a421-f1beeb211fbe,seated cable row,seated-cable-row,"[""lats"",""middle back""]","[""biceps"",""rear delts""]","[""forearms""]","[""cable""]",compound,pull,strength,1,,,2026-02-19 14:31:03.013654+00,2026-02-19 14:31:03.013654+00,false,0.7,false,true
5de0ff50-7b9c-49f8-88bf-0ce8c667b035,dumbbell chest fly,dumbbell-chest-fly,"[""chest""]","[""shoulders""]",[],"[""dumbbell""]",isolation,push,strength,1,,,2026-02-19 14:46:09.528589+00,2026-02-19 14:46:09.528589+00,false,0.6,false,true
b1a496a4-8832-4a8d-9f88-6f693f7b9fef,iso lateral incline chest press,iso-lateral-incline-chest-press,"[""upper chest""]","[""triceps"",""shoulders""]",[],"[""machine""]",compound,push,strength,2,,,2026-02-19 14:31:03.013654+00,2026-02-19 14:31:03.013654+00,false,0.6,false,true
a1000016-0000-4000-a000-000000000016,iso lateral chest press,iso-lateral-chest-press,"[""chest""]","[""triceps"",""shoulders""]",[],"[""machine""]",compound,push,strength,1,,,2026-02-21 07:00:00+00,2026-02-21 07:00:00+00,false,0.6,false,true
2fb8a819-001d-4213-9d15-91c879fe5f7a,machine chest press,machine-chest-press,"[""chest""]","[""triceps"",""shoulders""]",[],"[""machine""]",compound,push,strength,1,,,2026-02-19 14:31:03.013654+00,2026-02-19 14:31:03.013654+00,false,0.6,false,true
6fe324f4-a43a-4a1a-9e49-6855cda9dcb7,chest-supported dumbbell row,chest-supported-dumbbell-row,"[""lats"",""middle back""]","[""biceps"",""rear delts""]",[],"[""dumbbell""]",compound,pull,strength,1,,,2026-02-19 14:46:09.528589+00,2026-02-19 14:46:09.528589+00,false,0.6,false,true
cc88f51e-faf7-4e04-baf9-4301e071af6a,mountain climbers,mountain-climbers,"[""abs"",""hip flexors""]","[""shoulders"",""core""]",[],"[""bodyweight""]",compound,push,strength,1,,,2026-02-19 14:46:09.528589+00,2026-02-19 14:46:09.528589+00,false,0.3,true,false
ee12a02c-8492-4e43-9fec-781980c9c6d9,close-grip push-up,close-grip-push-up,"[""triceps""]","[""chest"",""shoulders""]","[""core""]","[""bodyweight""]",compound,push,strength,1,,,2026-02-19 14:46:09.528589+00,2026-02-19 14:46:09.528589+00,false,0.3,true,true
89bd239a-96a4-4e5f-b5a0-d89cdec7bb49,concentration curl,concentration-curl,"[""biceps""]","[""brachialis""]","[""forearms""]","[""dumbbell""]",isolation,pull,strength,1,,,2026-02-19 14:46:09.528589+00,2026-02-19 14:46:09.528589+00,false,0.3,false,true
156b5643-f3df-4cc1-8ab4-738487bd21a6,crunch,crunch,"[""abs""]",[],[],"[""bodyweight""]",isolation,pull,strength,1,,,2026-02-19 14:46:09.528589+00,2026-02-19 14:46:09.528589+00,false,0.3,true,false
45233a3a-9de5-411e-be2c-ced01954a13d,machine crunch,machine-crunch,"[""abs""]","[""obliques""]",[],"[""machine""]",isolation,pull,strength,1,,,2026-02-19 14:46:09.528589+00,2026-02-19 14:46:09.528589+00,false,0.6,false,true
d722d67f-0532-46c5-bf8f-9aca71b9558e,dumbbell curl,dumbbell-curl,"[""biceps""]","[""forearms""]",[],"[""dumbbell""]",isolation,pull,strength,1,,,2026-02-19 14:46:09.528589+00,2026-02-19 14:46:09.528589+00,true,1,false,true
a1000003-0000-4000-a000-000000000003,dumbbell hammer curl,dumbbell-hammer-curl,"[""biceps""]","[""brachialis"",""forearms""]",[],"[""dumbbell""]",isolation,pull,strength,1,,,2026-02-21 07:00:00+00,2026-02-21 07:00:00+00,false,0.6,false,true
1a0455ba-ea29-4464-9bc4-07e30b481f82,incline dumbbell curl,incline-dumbbell-curl,"[""biceps""]","[""brachialis""]",[],"[""dumbbell""]",isolation,pull,strength,1,,,2026-02-19 14:46:09.528589+00,2026-02-19 14:46:09.528589+00,false,0.6,false,true
a1000005-0000-4000-a000-000000000005,dumbbell preacher curl,dumbbell-preacher-curl,"[""biceps""]","[""brachialis""]","[""forearms""]","[""dumbbell""]",isolation,pull,strength,1,,,2026-02-21 07:00:00+00,2026-02-21 07:00:00+00,false,0.6,false,true
f42a60d9-7c40-45d1-8e13-f51300e97f59,lying leg curl,lying-leg-curl,"[""hamstrings""]","[""calves""]","[""glutes""]","[""machine""]",isolation,pull,strength,1,,,2026-02-19 14:46:09.528589+00,2026-02-19 14:46:09.528589+00,false,0.6,false,true
9e49c6f6-ae2f-4422-b98d-0d72732051ae,seated leg curl,seated-leg-curl,"[""hamstrings""]","[""calves""]","[""glutes""]","[""machine""]",isolation,pull,strength,1,,,2026-02-19 14:31:03.013654+00,2026-02-19 14:31:03.013654+00,false,0.6,false,true
d9de35d4-6a0a-4b17-889a-3c6491ea2789,machine preacher curl,machine-preacher-curl,"[""biceps""]","[""brachialis""]","[""forearms""]","[""machine""]",isolation,pull,strength,1,,,2026-02-19 14:31:03.013654+00,2026-02-19 14:31:03.013654+00,false,0.6,false,true
ebe673b4-bca6-4ed5-b4e9-eee7dd1c13eb,reverse wrist curl,reverse-wrist-curl,"[""forearms""]",[],[],"[""barbell""]",isolation,push,strength,1,,,2026-02-19 14:46:09.528589+00,2026-02-19 14:46:09.528589+00,false,0.3,false,true
12d18cc3-8b69-4bd5-9767-d20bf0af7d6e,spider curl,spider-curl,"[""biceps""]","[""brachialis""]",[],"[""dumbbell""]",isolation,pull,strength,2,,,2026-02-19 14:46:09.528589+00,2026-02-19 14:46:09.528589+00,false,0.3,false,true
a1000009-0000-4000-a000-000000000009,strict curl,strict-curl,"[""biceps""]","[""forearms""]",[],"[""barbell""]",isolation,pull,strength,2,,,2026-02-21 07:00:00+00,2026-02-21 07:00:00+00,false,0.5,false,true
7c360710-0fce-42ba-b9fc-765158e0ed24,decline dumbbell press,decline-dumbbell-press,"[""chest""]","[""triceps"",""shoulders""]",[],"[""dumbbell""]",compound,push,strength,2,,,2026-02-19 14:46:09.528589+00,2026-02-19 14:46:09.528589+00,false,0.6,false,true
a1000013-0000-4000-a000-000000000013,dumbbell triceps extension,dumbbell-triceps-extension,"[""triceps""]",[],[],"[""dumbbell""]",isolation,push,strength,1,,,2026-02-21 07:00:00+00,2026-02-21 07:00:00+00,false,0.3,false,true
75438867-0ae2-49d7-a63f-10949f4aa15b,incline dumbbell fly,incline-dumbbell-fly,"[""upper chest""]","[""shoulders""]",[],"[""dumbbell""]",isolation,push,strength,1,,,2026-02-19 14:46:09.528589+00,2026-02-19 14:46:09.528589+00,false,0.6,false,true
97be343c-3cd0-4b38-aa93-c904d465afb2,reverse dumbbell fly,reverse-dumbbell-fly,"[""rear delts""]","[""middle back"",""traps""]",[],"[""dumbbell""]",isolation,pull,strength,1,,,2026-02-19 14:46:09.528589+00,2026-02-19 14:46:09.528589+00,false,0.6,false,true
a100000e-0000-4000-a000-00000000000e,dumbbell front raise,dumbbell-front-raise,"[""shoulders""]","[""upper chest""]",[],"[""dumbbell""]",isolation,push,strength,1,,,2026-02-21 07:00:00+00,2026-02-21 07:00:00+00,false,0.3,false,true
a1000010-0000-4000-a000-000000000010,dumbbell lunge,dumbbell-lunge,"[""quadriceps"",""glutes""]","[""hamstrings""]","[""core""]","[""dumbbell""]",compound,push,strength,1,,,2026-02-21 07:00:00+00,2026-02-21 07:00:00+00,false,0.7,false,true
f288db3e-8560-4ba8-8f50-05792ff72511,dumbbell shoulder press,dumbbell-shoulder-press,"[""shoulders""]","[""triceps""]","[""upper chest""]","[""dumbbell""]",compound,push,strength,2,,,2026-02-20 01:06:36.567523+00,2026-02-20 01:06:36.567523+00,true,1,false,true
d08e08b1-7e0a-405b-a0f0-eb76c7843f40,dumbbell pullover,dumbbell-pullover,"[""chest"",""lats""]","[""triceps""]",[],"[""dumbbell""]",compound,pull,strength,2,,,2026-02-19 14:46:09.528589+00,2026-02-19 14:46:09.528589+00,false,0.3,false,true
948ed302-b016-422e-909f-5745974ad237,dumbbell shrug,dumbbell-shrug,"[""traps""]",[],"[""forearms""]","[""dumbbell""]",isolation,pull,strength,1,,,2026-02-19 14:46:09.528589+00,2026-02-19 14:46:09.528589+00,false,0.6,false,true
e6a75c85-bacc-4074-9e7f-8ea024603e9c,single leg deadlift,single-leg-deadlift,"[""hamstrings"",""glutes""]","[""lower back""]","[""core""]","[""dumbbell""]",compound,pull,strength,2,,,2026-02-19 14:46:09.528589+00,2026-02-19 14:46:09.528589+00,false,0.6,false,true
6722752a-1efd-41e2-a246-d1449a2e5377,romanian deadlift,romanian-deadlift,"[""hamstrings"",""glutes""]","[""lower back""]","[""forearms""]","[""barbell""]",compound,pull,strength,2,,,2026-02-20 01:06:36.567523+00,2026-02-20 01:06:36.567523+00,true,1,false,true
75437f5e-8f01-4cfe-97d1-034f080978a4,stiff-legged deadlift,stiff-legged-deadlift,"[""hamstrings"",""lower back""]","[""glutes""]","[""forearms""]","[""barbell""]",compound,pull,strength,2,,,2026-02-19 14:46:09.528589+00,2026-02-19 14:46:09.528589+00,false,0.8,false,true
88f6fc3a-cba3-4cde-ad03-741cc8bb3552,pec deck pectoral fly,pec-deck-pectoral-fly,"[""chest""]","[""shoulders""]","[""biceps""]","[""machine""]",isolation,push,strength,1,,,2026-02-19 14:31:03.013654+00,2026-02-19 14:31:03.013654+00,false,0.6,false,true
68170c3d-4f04-4a03-a15f-ad3cb6266469,decline push-up,decline-push-up,"[""upper chest""]","[""triceps"",""shoulders""]","[""core""]","[""bodyweight""]",compound,push,strength,2,,,2026-02-19 14:46:09.528589+00,2026-02-19 14:46:09.528589+00,false,0.3,true,true
8bd5ac89-64c5-4cd4-8452-fa31658ce687,rear delt fly,rear-delt-fly,"[""rear delts""]","[""middle back""]","[""traps""]","[""machine""]",isolation,pull,strength,1,,,2026-02-19 14:31:03.013654+00,2026-02-19 14:31:03.013654+00,false,0.6,false,true
a6702b53-d8ed-4211-8d35-454dafd5e181,dips,dips,"[""chest"",""triceps""]","[""shoulders""]",[],"[""bodyweight""]",compound,push,strength,2,,,2026-02-19 14:46:09.528589+00,2026-02-19 14:46:09.528589+00,true,1,true,true
9dd3afa1-74cc-43e9-bc48-15331f33c530,lat pulldown dual pulley,lat-pulldown-dual-pulley,"[""lats""]","[""biceps"",""middle back""]","[""rear delts""]","[""cable""]",compound,pull,strength,1,,,2026-02-19 14:31:03.013654+00,2026-02-19 14:31:03.013654+00,false,0.7,false,true
a1000006-0000-4000-a000-000000000006,reverse grip triceps extension,reverse-grip-triceps-extension,"[""triceps""]",[],[],"[""cable""]",isolation,push,strength,1,,,2026-02-21 07:00:00+00,2026-02-21 07:00:00+00,false,0.3,false,true
a100000b-0000-4000-a000-00000000000b,leaning triceps extension,leaning-triceps-extension,"[""triceps""]",[],[],"[""cable""]",isolation,push,strength,1,,,2026-02-21 07:00:00+00,2026-02-21 07:00:00+00,false,0.3,false,true
df6f4abe-b195-49f6-b4d9-08347e3834ce,leg extension,leg-extension,"[""quadriceps""]",[],"[""hip flexors""]","[""machine""]",isolation,push,strength,1,,,2026-02-19 14:31:03.013654+00,2026-02-19 14:31:03.013654+00,false,0.6,false,true
7f3926d6-0642-4330-ac74-80a946cfbde7,machine tricep extension,machine-tricep-extension,"[""triceps""]","[""anconeus""]",[],"[""machine""]",isolation,push,strength,1,,,2026-02-19 14:31:03.013654+00,2026-02-19 14:31:03.013654+00,false,0.6,false,true
9659a532-ce12-4ad5-bc84-8d4b51b0f284,glute ham raise,glute-ham-raise,"[""hamstrings"",""glutes""]","[""lower back""]",[],"[""bodyweight""]",compound,pull,strength,2,,,2026-02-19 14:46:09.528589+00,2026-02-19 14:46:09.528589+00,false,0.6,true,true
3d00dc24-e7a8-4b5f-b2ff-26d712da8253,goblet squat,goblet-squat,"[""quadriceps"",""glutes""]","[""hamstrings""]","[""core""]","[""dumbbell""]",compound,push,strength,1,,,2026-02-19 14:46:09.528589+00,2026-02-19 14:46:09.528589+00,false,0.7,false,true
eb8ad7c4-a9e7-4fb7-8a51-86785b55d197,good morning,good-morning,"[""hamstrings"",""lower back""]","[""glutes""]",[],"[""barbell""]",compound,pull,strength,2,,,2026-02-19 14:46:09.528589+00,2026-02-19 14:46:09.528589+00,false,0.6,false,true
4bc09b25-73b1-4650-85fb-a00787011227,hack squat,hack-squat,"[""quadriceps""]","[""glutes"",""hamstrings""]","[""calves""]","[""machine""]",compound,push,strength,2,,,2026-02-19 14:31:03.013654+00,2026-02-19 14:31:03.013654+00,false,0.7,false,true
0a9a30d2-59d7-40df-b938-7405b28d5446,hanging knee raise,hanging-knee-raise,"[""abs"",""hip flexors""]","[""obliques""]",[],"[""bodyweight""]",isolation,pull,strength,1,,,2026-02-19 14:46:09.528589+00,2026-02-19 14:46:09.528589+00,false,0.5,true,true
552d6eee-5ede-4749-87a6-d546aef10f2a,hip thrust,hip-thrust,"[""glutes""]","[""hamstrings""]","[""core""]","[""barbell""]",compound,push,strength,2,,,2026-02-20 01:06:36.567523+00,2026-02-20 01:06:36.567523+00,true,1,false,true
8ee40371-696d-478d-a44e-af7377101031,inverted row,inverted-row,"[""middle back"",""lats""]","[""biceps"",""rear delts""]","[""core""]","[""bodyweight""]",compound,pull,strength,1,,,2026-02-19 14:46:09.528589+00,2026-02-19 14:46:09.528589+00,false,0.6,true,true
946c8fec-ed61-4095-8c29-359e83a0713d,iso lateral machine row,iso-lateral-machine-row,"[""lats"",""middle back""]","[""biceps"",""rear delts""]","[""forearms""]","[""machine""]",compound,pull,strength,2,,,2026-02-19 14:31:03.013654+00,2026-02-19 14:31:03.013654+00,false,0.6,false,true
c938f62d-c6d4-4111-ba8e-1937a356f42b,iso lateral shoulder press,iso-lateral-shoulder-press,"[""shoulders""]","[""triceps""]","[""upper chest""]","[""machine""]",compound,push,strength,2,,,2026-02-19 14:31:03.013654+00,2026-02-19 14:31:03.013654+00,false,0.6,false,true
ea70ca17-f6cc-412a-a0b8-efcb2d7d1619,tricep kickback,tricep-kickback,"[""triceps""]",[],[],"[""dumbbell""]",isolation,push,strength,1,,,2026-02-19 14:46:09.528589+00,2026-02-19 14:46:09.528589+00,false,0.3,false,true
74861b90-f508-4732-bb04-7f39bd7d5198,landmine press,landmine-press,"[""shoulders"",""upper chest""]","[""triceps""]","[""core""]","[""barbell""]",compound,push,strength,2,,,2026-02-19 14:46:09.528589+00,2026-02-19 14:46:09.528589+00,false,0.6,false,true
ee69c2b4-b7bd-463a-b994-d3afe4166c0d,lat pulldown single pulley,lat-pulldown-single-pulley,"[""lats""]","[""biceps"",""middle back""]","[""rear delts""]","[""cable""]",compound,pull,strength,1,,,2026-02-19 14:31:03.013654+00,2026-02-19 14:31:03.013654+00,false,0.7,false,true
7e1eab84-6825-483e-a64c-4f85037a11e3,machine lateral raise,machine-lateral-raise,"[""shoulders""]","[""traps""]",[],"[""machine""]",isolation,push,strength,1,,,2026-02-19 14:46:09.528589+00,2026-02-19 14:46:09.528589+00,false,0.6,false,true
33ff7c8e-1887-488b-aa92-14f10518bf42,lying leg raise,lying-leg-raise,"[""abs"",""hip flexors""]",[],[],"[""bodyweight""]",isolation,pull,strength,1,,,2026-02-19 14:46:09.528589+00,2026-02-19 14:46:09.528589+00,false,0.3,true,false
27ae9df5-a3fa-4fc0-9936-c64a1d4f9881,seated leg press,seated-leg-press,"[""quadriceps""]","[""glutes"",""hamstrings""]","[""calves""]","[""machine""]",compound,push,strength,1,,,2026-02-19 14:31:03.013654+00,2026-02-19 14:31:03.013654+00,false,0.7,false,true
a1000004-0000-4000-a000-000000000004,smith machine overhead press,smith-machine-overhead-press,"[""shoulders""]","[""triceps""]","[""upper chest""]","[""machine""]",compound,push,strength,1,,,2026-02-21 07:00:00+00,2026-02-21 07:00:00+00,false,0.6,false,true
a1ad8a22-4c22-4506-9ceb-33acbcdf1766,machine shoulder press,machine-shoulder-press,"[""shoulders""]","[""triceps""]","[""upper chest""]","[""machine""]",compound,push,strength,1,,,2026-02-19 14:31:03.013654+00,2026-02-19 14:31:03.013654+00,false,0.7,false,true
794ef601-7045-4d24-9559-d5b84f9c82d6,rotary torso machine,rotary-torso-machine,"[""obliques""]","[""abs""]",[],"[""machine""]",isolation,push,strength,1,,,2026-02-19 14:46:09.528589+00,2026-02-19 14:46:09.528589+00,false,0.3,false,true
63fee777-64fe-493a-a6d3-b6f78eedbc14,seated machine row,seated-machine-row,"[""lats"",""middle back""]","[""biceps"",""rear delts""]","[""forearms""]","[""machine""]",compound,pull,strength,1,,,2026-02-19 14:31:03.013654+00,2026-02-19 14:31:03.013654+00,false,0.6,false,true
41079df2-baf2-413e-b2ff-b40a828846a5,machine shrugs,machine-shrugs,"[""trapezius""]","[""shoulders""]",[],"[""machine""]",isolation,pull,strength,1,,,2026-02-21 03:16:34.657405+00,2026-02-21 03:16:34.657405+00,,,,
00b135d4-8cf6-4736-8ace-ab266164a37f,military press,military-press,"[""shoulders""]","[""triceps"",""upper chest""]",[],"[""barbell""]",compound,push,strength,2,,,2026-02-21 03:15:20.241879+00,2026-02-21 03:15:20.241879+00,,,,
f0d595f4-21e7-46ec-9847-415ed0e82e6f,overhead press,overhead-press,"[""shoulders""]","[""triceps""]","[""upper chest"",""core""]","[""barbell""]",compound,push,strength,2,,,2026-02-19 14:46:09.528589+00,2026-02-19 14:46:09.528589+00,true,1,false,true
5a1dff3a-30c2-4dcd-8bd7-e835fed54d80,pallof press,pallof-press,"[""core"",""obliques""]","[""abs""]","[""shoulders""]","[""cable""]",isolation,push,strength,2,,,2026-02-19 14:46:09.528589+00,2026-02-19 14:46:09.528589+00,false,0.3,false,true
12329b18-1468-4482-a54c-e99d5428799d,pendlay row,pendlay-row,"[""middle back"",""lats""]","[""biceps"",""rear delts""]","[""forearms""]","[""barbell""]",compound,pull,strength,2,,,2026-02-19 14:46:09.528589+00,2026-02-19 14:46:09.528589+00,false,0.7,false,true
1f4c1a3e-922e-40ec-9f3f-ebe07258553c,side plank,side-plank,"[""obliques"",""core""]","[""abs""]","[""shoulders""]","[""bodyweight""]",isolation,push,strength,1,,,2026-02-19 14:46:09.528589+00,2026-02-19 14:46:09.528589+00,false,0.3,true,false
4f3212f2-38c1-4495-94d0-a5301c9de37c,rack pull,rack-pull,"[""lower back"",""traps""]","[""glutes"",""hamstrings""]","[""forearms""]","[""barbell""]",compound,pull,strength,2,,,2026-02-19 14:46:09.528589+00,2026-02-19 14:46:09.528589+00,false,0.6,false,true
20c3f527-6526-4964-acac-434d81d8d7cf,pull ups,pull-ups,"[""lats""]","[""biceps"",""upper back"",""shoulders""]",[],"[""bodyweight"",""pull-up bar""]",compound,pull,strength,3,,,2026-02-20 00:47:29.459566+00,2026-02-20 00:47:29.459566+00,true,1,true,true
a1000008-0000-4000-a000-000000000008,push up,push-up,"[""chest""]","[""triceps"",""shoulders""]","[""core""]","[""bodyweight""]",compound,push,strength,1,,,2026-02-21 07:00:00+00,2026-02-21 07:00:00+00,false,0.6,true,true
af67b4a8-84e6-4879-a58a-d92d2ae43d0a,rope tricep pushdown,rope-tricep-pushdown,"[""triceps""]",[],[],"[""cable""]",isolation,push,strength,1,,,2026-02-19 14:46:09.528589+00,2026-02-19 14:46:09.528589+00,false,0.6,false,true
a100001b-0000-4000-a000-00000000001b,running,running,"[""quadriceps"",""calves""]","[""hamstrings"",""glutes""]",[],"[""machine""]",compound,push,strength,1,,,2026-02-21 07:00:00+00,2026-02-21 07:00:00+00,false,0.3,true,false
70441e34-a5b2-48e4-8422-b344de7cc481,sit-up,sit-up,"[""abs""]","[""hip flexors""]",[],"[""bodyweight""]",isolation,pull,strength,1,,,2026-02-19 14:46:09.528589+00,2026-02-19 14:46:09.528589+00,false,0.3,true,true
fbea4cd8-bfb6-408f-845a-dd8758d440d7,step up,step-up,"[""quadriceps"",""glutes""]","[""hamstrings""]","[""calves""]","[""dumbbell""]",compound,push,strength,1,,,2026-02-19 14:46:09.528589+00,2026-02-19 14:46:09.528589+00,false,0.6,false,true
a73faa4d-bdf4-49d3-9e4e-cb361bef6c6b,thruster,thruster,"[""quadriceps"",""shoulders""]","[""glutes"",""triceps""]","[""core""]","[""barbell""]",compound,push,strength,2,,,2026-02-19 14:46:09.528589+00,2026-02-19 14:46:09.528589+00,false,0.6,false,true
