Date	Workout Name	Duration	Exercise Name	Set Order	Weight	Reps	Distance	Seconds	RPE
2023-01-23 21:04:10	Evening Workout	48s	Bent Over Row - Underhand (Barbell)	1	10	10	0	0	
2023-01-23 21:04:10	Evening Workout	48s	Bent Over Row - Underhand (Barbell)	2	10	10	0	0	
2023-01-23 21:04:10	Evening Workout	48s	Bent Over Row - Underhand (Barbell)	3	10	10	0	0	
2023-01-23 21:04:10	Evening Workout	48s	Lat Pulldown (Cable)	1	16.5	12	0	0	
2023-01-23 21:04:10	Evening Workout	48s	Lat Pulldown (Cable)	2	13	12	0	0	
2023-01-23 21:04:10	Evening Workout	48s	Pull Up (Assisted)	1	26	10	0	0	
2023-01-23 21:04:10	Evening Workout	48s	Pull Up (Assisted)	2	26	10	0	0	
2023-01-23 21:04:10	Evening Workout	48s	Pull Up (Assisted)	3	26	10	0	0	
2023-01-23 21:04:10	Evening Workout	48s	Face Pull (Cable)	1	7.5	20	0	0	
2023-01-23 21:04:10	Evening Workout	48s	Face Pull (Cable)	2	10	20	0	0	
2023-01-23 21:04:10	Evening Workout	48s	Face Pull (Cable)	3	10	20	0	0	
2023-01-23 21:04:10	Evening Workout	48s	Reverse Curl (Barbell)	1	12.5	20	0	0	
2023-01-23 21:04:10	Evening Workout	48s	Reverse Curl (Barbell)	2	12.5	20	0	0	
2023-01-23 21:04:10	Evening Workout	48s	Reverse Curl (Barbell)	3	12.5	20	0	0	
2023-01-23 21:04:10	Evening Workout	48s	Bicep Curl (Barbell)	1	12.5	15	0	0	
2023-01-23 21:04:10	Evening Workout	48s	Bicep Curl (Barbell)	2	12.5	15	0	0	
2023-01-23 21:04:10	Evening Workout	48s	Bicep Curl (Barbell)	3	12.5	15	0	0	
2023-01-23 21:04:10	Evening Workout	48s	Bicep Curl (Dumbbell)	1	5	12	0	0	
2023-01-30 18:05:07	Pull 1	27h 37m	Bent Over Row - Underhand (Barbell)	1	10	10	0	0	
2023-01-30 18:05:07	Pull 1	27h 37m	Bent Over Row - Underhand (Barbell)	2	10	10	0	0	
2023-01-30 18:05:07	Pull 1	27h 37m	Bent Over Row - Underhand (Barbell)	3	10	10	0	0	
2023-01-30 18:05:07	Pull 1	27h 37m	Lat Pulldown (Cable)	1	16.5	12	0	0	
2023-01-30 18:05:07	Pull 1	27h 37m	Lat Pulldown (Cable)	2	13	12	0	0	
2023-01-30 18:05:07	Pull 1	27h 37m	Pull Up (Assisted)	1	19	10	0	0	
2023-01-30 18:05:07	Pull 1	27h 37m	Pull Up (Assisted)	2	19	10	0	0	
2023-01-30 18:05:07	Pull 1	27h 37m	Pull Up (Assisted)	3	19	10	0	0	
2023-01-31 21:47:34	Evening Workout	48h 27m	Bench Press (Barbell)	1	15	4	0	0	
2023-01-31 21:47:34	Evening Workout	48h 27m	Bench Press (Barbell)	2	13.75	4	0	0	
2023-01-31 21:47:34	Evening Workout	48h 27m	Bench Press (Barbell)	3	13.75	4	0	0	
2023-01-31 21:47:34	Evening Workout	48h 27m	Chest Dip (Assisted)	1	19	10	0	0	
2023-01-31 21:47:34	Evening Workout	48h 27m	Chest Dip (Assisted)	2	12	10	0	0	
2023-01-31 21:47:34	Evening Workout	48h 27m	Chest Dip (Assisted)	3	12	10	0	0	
2023-01-31 21:47:34	Evening Workout	48h 27m	Chest Fly (Band)	1	8.75	12	0	0	
2023-01-31 21:47:34	Evening Workout	48h 27m	Chest Fly (Band)	2	6.25	12	0	0	
2023-01-31 21:47:34	Evening Workout	48h 27m	Chest Fly (Band)	3	6.25	12	0	0	
2023-01-31 21:47:34	Evening Workout	48h 27m	Arnold Press (Dumbbell)	1	14	8	0	0	
2023-01-31 21:47:34	Evening Workout	48h 27m	Arnold Press (Dumbbell)	2	14	8	0	0	
2023-01-31 21:47:34	Evening Workout	48h 27m	Arnold Press (Dumbbell)	3	14	8	0	0	
2023-03-29 18:09:49	Evening Workout	2h 24m	Pull Up (Assisted)	1	0	5	0	0	
2023-03-29 18:09:49	Evening Workout	2h 24m	Pull Up (Assisted)	2	19	10	0	0	
2023-03-29 18:09:49	Evening Workout	2h 24m	Pull Up (Assisted)	3	19	8	0	0	
2023-03-29 18:09:49	Evening Workout	2h 24m	Chest Dip (Assisted)	1	0	5	0	0	
2023-03-29 18:09:49	Evening Workout	2h 24m	Chest Dip (Assisted)	2	19	10	0	0	
2023-03-29 18:09:49	Evening Workout	2h 24m	Chest Dip (Assisted)	3	19	10	0	0	
2023-03-29 18:09:49	Evening Workout	2h 24m	Lat Pulldown (Cable)	1	16.5	12	0	0	
2023-03-29 18:09:49	Evening Workout	2h 24m	Lat Pulldown (Cable)	2	13	12	0	0	
2023-03-29 18:09:49	Evening Workout	2h 24m	Lat Pulldown (Cable)	3	13	16	0	0	
2023-03-29 18:09:49	Evening Workout	2h 24m	Straight Arm Pull down 	1	10	13	0	0	
2023-03-29 18:09:49	Evening Workout	2h 24m	Straight Arm Pull down 	2	10	15	0	0	
2023-03-29 18:09:49	Evening Workout	2h 24m	Incline Bench Press (Dumbbell)	1	18	5	0	0	
2023-03-29 18:09:49	Evening Workout	2h 24m	Incline Bench Press (Dumbbell)	2	18	5	0	0	
2023-03-29 18:09:49	Evening Workout	2h 24m	Incline Bench Press (Dumbbell)	3	18	5	0	0	
2023-03-29 18:09:49	Evening Workout	2h 24m	Cable Crossover	1	3.75	8	0	0	
2023-03-29 18:09:49	Evening Workout	2h 24m	Cable Crossover	2	3.75	12	0	0	
2023-03-29 18:09:49	Evening Workout	2h 24m	Cable Crossover	3	3.75	12	0	0	
2023-03-29 18:09:49	Evening Workout	2h 24m	Seated Row (Cable)	1	13	12	0	0	
2023-03-29 18:09:49	Evening Workout	2h 24m	Seated Row (Cable)	2	16.5	9	0	0	
2023-03-29 18:09:49	Evening Workout	2h 24m	Seated Row (Cable)	3	16.5	10	0	0	
2023-03-29 18:09:49	Evening Workout	2h 24m	Push Up	1	0	2	0	0	
2023-03-29 18:09:49	Evening Workout	2h 24m	Push Up	2	0	0	0	0	
2023-04-05 18:30:03	Chest & Back	1h 41m	Pull Up (Assisted)	1	0	5	0	0	
2023-04-05 18:30:03	Chest & Back	1h 41m	Pull Up (Assisted)	2	19	12	0	0	
2023-04-05 18:30:03	Chest & Back	1h 41m	Pull Up (Assisted)	3	19	11	0	0	
2023-04-05 18:30:03	Chest & Back	1h 41m	Chest Dip (Assisted)	1	0	5	0	0	
2023-04-05 18:30:03	Chest & Back	1h 41m	Chest Dip (Assisted)	2	19	12	0	0	
2023-04-05 18:30:03	Chest & Back	1h 41m	Chest Dip (Assisted)	3	19	12	0	0	
2023-04-05 18:30:03	Chest & Back	1h 41m	Straight Arm Pull down 	1	10	16	0	0	
2023-04-05 18:30:03	Chest & Back	1h 41m	Straight Arm Pull down 	2	10	16	0	0	
2023-04-10 17:58:34	Afternoon Workout	2h 24m	Shoulder Press (Plate Loaded)	1	10	12	0	0	
2023-04-10 17:58:34	Afternoon Workout	2h 24m	Shoulder Press (Plate Loaded)	2	12.5	15	0	0	
2023-04-10 17:58:34	Afternoon Workout	2h 24m	Shoulder Press (Plate Loaded)	3	15	13	0	0	
2023-04-10 17:58:34	Afternoon Workout	2h 24m	Reverse Fly (Machine)	1	26	15	0	0	
2023-04-10 17:58:34	Afternoon Workout	2h 24m	Reverse Fly (Machine)	2	33	10	0	0	
2023-04-10 17:58:34	Afternoon Workout	2h 24m	Reverse Fly (Machine)	3	33	6	0	0	
2023-04-10 17:58:34	Afternoon Workout	2h 24m	Front Raise (Dumbbell)	1	6	13	0	0	
2023-04-10 17:58:34	Afternoon Workout	2h 24m	Front Raise (Dumbbell)	2	6	15	0	0	
2023-04-10 17:58:34	Afternoon Workout	2h 24m	Front Raise (Dumbbell)	3	6	15	0	0	
2023-04-10 17:58:34	Afternoon Workout	2h 24m	Triceps Extension (Cable)	1	10	13	0	0	
2023-04-10 17:58:34	Afternoon Workout	2h 24m	Triceps Extension (Cable)	2	10	14	0	0	
2023-04-10 17:58:34	Afternoon Workout	2h 24m	Triceps Extension (Cable)	3	10	13	0	0	
2023-04-10 17:58:34	Afternoon Workout	2h 24m	Bicep Curl (Cable)	1	15	13	0	0	
2023-04-10 17:58:34	Afternoon Workout	2h 24m	Bicep Curl (Cable)	2	17.5	9	0	0	
2023-04-10 17:58:34	Afternoon Workout	2h 24m	Bicep Curl (Cable)	3	17.5	9	0	0	
2023-04-10 17:58:34	Afternoon Workout	2h 24m	Triceps Extension (Dumbbell)	1	14	5	0	0	
2023-04-10 17:58:34	Afternoon Workout	2h 24m	Triceps Extension (Dumbbell)	2	14	9	0	0	
2023-04-10 17:58:34	Afternoon Workout	2h 24m	Triceps Extension (Dumbbell)	3	14	7	0	0	
2023-04-11 18:13:18	Evening Workout	21h 26m	Leg Extension (Machine)	1	38	7	0	0	
2023-04-11 18:13:18	Evening Workout	21h 26m	Leg Extension (Machine)	2	38	8	0	0	
2023-04-11 18:13:18	Evening Workout	21h 26m	Leg Extension (Machine)	3	38	7	0	0	
2023-04-11 18:13:18	Evening Workout	21h 26m	Seated Leg Curl (Machine)	1	52	13	0	0	
2023-04-11 18:13:18	Evening Workout	21h 26m	Seated Leg Curl (Machine)	2	47	10	0	0	
2023-04-11 18:13:18	Evening Workout	21h 26m	Seated Leg Curl (Machine)	3	47	10	0	0	
2023-04-11 18:13:18	Evening Workout	21h 26m	Hip Adductor (Machine)	1	61	8	0	0	
2023-04-11 18:13:18	Evening Workout	21h 26m	Hip Adductor (Machine)	2	61	8	0	0	
2023-04-11 18:13:18	Evening Workout	21h 26m	Hip Adductor (Machine)	3	61	8	0	0	
2023-04-12 15:39:26	Chest & Back	2h 14m	Pull Up (Assisted)	1	0	6	0	0	
2023-04-12 15:39:26	Chest & Back	2h 14m	Pull Up (Assisted)	2	19	10	0	0	
2023-04-12 15:39:26	Chest & Back	2h 14m	Chest Dip (Assisted)	1	0	6	0	0	
2023-04-12 15:39:26	Chest & Back	2h 14m	Chest Dip (Assisted)	2	19	10	0	0	
2023-04-12 15:39:26	Chest & Back	2h 14m	Lat Pulldown (Cable)	1	16.5	13	0	0	
2023-04-12 15:39:26	Chest & Back	2h 14m	Lat Pulldown (Cable)	2	16.5	10	0	0	
2023-04-12 15:39:26	Chest & Back	2h 14m	Lat Pulldown (Cable)	3	13	7	0	0	
2023-04-12 15:39:26	Chest & Back	2h 14m	Cable Crossover	1	6.25	10	0	0	
2023-04-12 15:39:26	Chest & Back	2h 14m	Cable Crossover	2	6.25	10	0	0	
2023-04-12 15:39:26	Chest & Back	2h 14m	Cable Crossover	3	8.75	7	0	0	
2023-04-12 15:39:26	Chest & Back	2h 14m	Push Up	1	0	4	0	0	
2023-04-14 18:49:33	Evening Workout	1h 57m	Hammer Curl (Cable)	1	15	10	0	0	
2023-04-14 18:49:33	Evening Workout	1h 57m	Hammer Curl (Cable)	2	15	10	0	0	
2023-04-14 18:49:33	Evening Workout	1h 57m	Hammer Curl (Cable)	3	15	10	0	0	
2023-04-14 18:49:33	Evening Workout	1h 57m	Preacher Curl (Dumbbell)	1	8	10	0	0	
2023-04-14 18:49:33	Evening Workout	1h 57m	Preacher Curl (Dumbbell)	2	8	10	0	0	
2023-04-14 18:49:33	Evening Workout	1h 57m	Preacher Curl (Dumbbell)	3	8	10	0	0	
2023-04-14 18:49:33	Evening Workout	1h 57m	Reverse Curl (Barbell)	1	15	8	0	0	
2023-04-14 18:49:33	Evening Workout	1h 57m	Reverse Curl (Barbell)	2	15	6	0	0	
2023-04-14 18:49:33	Evening Workout	1h 57m	Reverse Curl (Barbell)	3	12.5	10	0	0	
2023-04-15 18:20:23	Chest & Back	2h 50m	Pull Up (Assisted)	1	0	5	0	0	
2023-04-15 18:20:23	Chest & Back	2h 50m	Pull Up (Assisted)	2	0	3	0	0	
2023-04-15 18:20:23	Chest & Back	2h 50m	Pull Up (Assisted)	3	12	8	0	0	
2023-04-15 18:20:23	Chest & Back	2h 50m	Chest Dip (Assisted)	1	0	6	0	0	
2023-04-15 18:20:23	Chest & Back	2h 50m	Chest Dip (Assisted)	2	0	5	0	0	
2023-04-15 18:20:23	Chest & Back	2h 50m	Chest Dip (Assisted)	3	12	6	0	0	
2023-04-15 18:20:23	Chest & Back	2h 50m	Bent Over Row (Barbell)	1	10	11	0	0	
2023-04-15 18:20:23	Chest & Back	2h 50m	Bent Over Row (Barbell)	2	10	12	0	0	
2023-04-15 18:20:23	Chest & Back	2h 50m	Bent Over Row (Barbell)	3	10	15	0	0	
2023-04-15 18:20:23	Chest & Back	2h 50m	Cable Crossover	1	6.25	15	0	0	
2023-04-15 18:20:23	Chest & Back	2h 50m	Cable Crossover	2	8.75	8	0	0	
2023-04-15 18:20:23	Chest & Back	2h 50m	Cable Crossover	3	8.75	8	0	0	
2023-04-15 18:20:23	Chest & Back	2h 50m	Lat Pulldown (Cable)	1	16.5	11	0	0	
2023-04-15 18:20:23	Chest & Back	2h 50m	Lat Pulldown (Cable)	2	16.5	10	0	0	
2023-04-15 18:20:23	Chest & Back	2h 50m	Lat Pulldown (Cable)	3	13	16	0	0	
2023-04-15 18:20:23	Chest & Back	2h 50m	Incline Bench Press (Dumbbell)	1	18	5	0	0	
2023-04-15 18:20:23	Chest & Back	2h 50m	Incline Bench Press (Dumbbell)	2	18	5	0	0	
2023-04-15 18:20:23	Chest & Back	2h 50m	Incline Bench Press (Dumbbell)	3	20	5	0	0	
2023-04-15 18:20:23	Chest & Back	2h 50m	Bent Over One Arm Row (Dumbbell)	1	12	5	0	0	
2023-04-15 18:20:23	Chest & Back	2h 50m	Bent Over One Arm Row (Dumbbell)	2	12	12	0	0	
2023-04-15 18:20:23	Chest & Back	2h 50m	Push Up	1	0	8	0	0	
2023-04-17 19:00:51	Arms/Shoulders 	2h 15m	Shoulder Press (Plate Loaded)	1	15	15	0	0	
2023-04-17 19:00:51	Arms/Shoulders 	2h 15m	Shoulder Press (Plate Loaded)	2	20	9	0	0	
2023-04-17 19:00:51	Arms/Shoulders 	2h 15m	Shoulder Press (Plate Loaded)	3	25	7	0	0	
2023-04-17 19:00:51	Arms/Shoulders 	2h 15m	Reverse Fly (Machine)	1	28.5	13	0	0	
2023-04-17 19:00:51	Arms/Shoulders 	2h 15m	Reverse Fly (Machine)	2	31	8	0	0	
2023-04-17 19:00:51	Arms/Shoulders 	2h 15m	Reverse Fly (Machine)	3	33	6	0	0	
2023-04-17 19:00:51	Arms/Shoulders 	2h 15m	Overhead Press (Smith Machine)	1	10	12	0	0	
2023-04-17 19:00:51	Arms/Shoulders 	2h 15m	Overhead Press (Smith Machine)	2	11.25	8	0	0	
2023-04-17 19:00:51	Arms/Shoulders 	2h 15m	Overhead Press (Smith Machine)	3	12.5	7	0	0	
2023-04-17 19:00:51	Arms/Shoulders 	2h 15m	Single Arm Triceps Extension	1	5	10	0	0	
2023-04-17 19:00:51	Arms/Shoulders 	2h 15m	Single Arm Triceps Extension	2	5	7	0	0	
2023-04-17 19:00:51	Arms/Shoulders 	2h 15m	Single Arm Triceps Extension	3	5	6	0	0	
2023-04-17 19:00:51	Arms/Shoulders 	2h 15m	Hammer Curl (Cable)	1	15	18	0	0	
2023-04-17 19:00:51	Arms/Shoulders 	2h 15m	Hammer Curl (Cable)	2	16.25	10	0	0	
2023-04-17 19:00:51	Arms/Shoulders 	2h 15m	Hammer Curl (Cable)	3	17.5	8	0	0	
2023-04-17 19:00:51	Arms/Shoulders 	2h 15m	Triceps Extension (Cable)	1	10	10	0	0	
2023-04-17 19:00:51	Arms/Shoulders 	2h 15m	Triceps Extension (Cable)	2	12.5	5	0	0	
2023-04-17 19:00:51	Arms/Shoulders 	2h 15m	Triceps Extension (Cable)	3	10	8	0	0	
2023-04-17 19:00:51	Arms/Shoulders 	2h 15m	Preacher Curl (Dumbbell)	1	8	18	0	0	
2023-04-20 18:36:11	Chest & Back	3h 24m	Pull Up (Assisted)	1	0	5	0	0	
2023-04-20 18:36:11	Chest & Back	3h 24m	Chest Dip (Assisted)	1	0	9	0	0	
2023-04-20 18:36:11	Chest & Back	3h 24m	Bent Over Row (Barbell)	1	10	13	0	0	
2023-04-20 18:36:11	Chest & Back	3h 24m	Bent Over Row (Barbell)	2	11.25	8	0	0	
2023-04-20 18:36:11	Chest & Back	3h 24m	Bent Over Row (Barbell)	3	11.25	10	0	0	
2023-04-20 18:36:11	Chest & Back	3h 24m	Cable Crossover	1	8.75	10	0	0	
2023-04-20 18:36:11	Chest & Back	3h 24m	Cable Crossover	2	8.75	11	0	0	
2023-04-20 18:36:11	Chest & Back	3h 24m	Cable Crossover	3	8.75	6	0	0	
2023-04-20 18:36:11	Chest & Back	3h 24m	Lat Pulldown (Cable)	1	16.5	11	0	0	
2023-04-20 18:36:11	Chest & Back	3h 24m	Lat Pulldown (Cable)	2	16.5	11	0	0	
2023-04-20 18:36:11	Chest & Back	3h 24m	Lat Pulldown (Cable)	3	16.5	11	0	0	
2023-04-20 18:36:11	Chest & Back	3h 24m	Incline Bench Press (Dumbbell)	1	22	4	0	0	
2023-04-20 18:36:11	Chest & Back	3h 24m	Incline Bench Press (Dumbbell)	2	22	3	0	0	
2023-04-20 18:36:11	Chest & Back	3h 24m	Incline Bench Press (Dumbbell)	3	20	4	0	0	
2023-04-20 18:36:11	Chest & Back	3h 24m	Seated Row (Machine)	1	33	10	0	0	
2023-04-20 18:36:11	Chest & Back	3h 24m	Seated Row (Machine)	2	40	9	0	0	
2023-04-20 18:36:11	Chest & Back	3h 24m	Seated Row (Machine)	3	40	9	0	0	
2023-04-20 18:36:11	Chest & Back	3h 24m	Push Up	1	0	11	0	0	
2023-04-20 18:36:11	Chest & Back	3h 24m	Push Up	2	0	14	0	0	
2023-04-24 9:47:28	Chest & Back	2h 46m	Pull Up (Assisted)	1	0	6	0	0	
2023-04-24 9:47:28	Chest & Back	2h 46m	Chest Dip (Assisted)	1	0	11	0	0	
2023-04-24 9:47:28	Chest & Back	2h 46m	Bent Over Row (Barbell)	1	11.25	12	0	0	
2023-04-24 9:47:28	Chest & Back	2h 46m	Bent Over Row (Barbell)	2	11.25	9	0	0	
2023-04-24 9:47:28	Chest & Back	2h 46m	Bent Over Row (Barbell)	3	11.25	12	0	0	
2023-04-24 9:47:28	Chest & Back	2h 46m	Cable Crossover	1	8.75	10	0	0	
2023-04-24 9:47:28	Chest & Back	2h 46m	Cable Crossover	2	8.75	12	0	0	
2023-04-24 9:47:28	Chest & Back	2h 46m	Cable Crossover	3	9.38	11	0	0	
2023-04-24 9:47:28	Chest & Back	2h 46m	Lat Pulldown (Cable)	1	19	20	0	0	
2023-04-24 9:47:28	Chest & Back	2h 46m	Lat Pulldown (Cable)	2	23.5	11	0	0	
2023-04-24 9:47:28	Chest & Back	2h 46m	Lat Pulldown (Cable)	3	23.5	9	0	0	
2023-04-24 9:47:28	Chest & Back	2h 46m	Incline Bench Press (Dumbbell)	1	22	5	0	0	
2023-04-24 9:47:28	Chest & Back	2h 46m	Incline Bench Press (Dumbbell)	2	22	4	0	0	
2023-04-24 9:47:28	Chest & Back	2h 46m	Incline Bench Press (Dumbbell)	3	22	3	0	0	
2023-04-24 9:47:28	Chest & Back	2h 46m	Seated Row (Machine)	1	33	10	0	0	
2023-04-24 9:47:28	Chest & Back	2h 46m	Seated Row (Machine)	2	33	10	0	0	
2023-04-24 9:47:28	Chest & Back	2h 46m	Seated Row (Machine)	3	33	9	0	0	
2023-04-24 9:47:28	Chest & Back	2h 46m	Chest Press (Machine)	1	33	7	0	0	
2023-04-24 9:47:28	Chest & Back	2h 46m	Chest Press (Machine)	2	33	7	0	0	
2023-04-24 9:47:28	Chest & Back	2h 46m	Chest Press (Machine)	3	33	7	0	0	
2023-05-02 18:23:49	Arms/Shoulders 	2h 45m	Shoulder Press (Plate Loaded)	1	17.5	15	0	0	
2023-05-02 18:23:49	Arms/Shoulders 	2h 45m	Shoulder Press (Plate Loaded)	2	20	13	0	0	
2023-05-02 18:23:49	Arms/Shoulders 	2h 45m	Shoulder Press (Plate Loaded)	3	25	5	0	0	
2023-05-02 18:23:49	Arms/Shoulders 	2h 45m	Reverse Fly (Machine)	1	28.5	14	0	0	
2023-05-02 18:23:49	Arms/Shoulders 	2h 45m	Reverse Fly (Machine)	2	28.5	14	0	0	
2023-05-02 18:23:49	Arms/Shoulders 	2h 45m	Reverse Fly (Machine)	3	33	10	0	0	
2023-05-02 18:23:49	Arms/Shoulders 	2h 45m	Single Arm Triceps Extension	1	5	16	0	0	
2023-05-02 18:23:49	Arms/Shoulders 	2h 45m	Single Arm Triceps Extension	2	6.25	10	0	0	
2023-05-02 18:23:49	Arms/Shoulders 	2h 45m	Single Arm Triceps Extension	3	7.5	4	0	0	
2023-05-02 18:23:49	Arms/Shoulders 	2h 45m	Hammer Curl (Cable)	1	17.5	15	0	0	
2023-05-02 18:23:49	Arms/Shoulders 	2h 45m	Hammer Curl (Cable)	2	17.5	15	0	0	
2023-05-02 18:23:49	Arms/Shoulders 	2h 45m	Hammer Curl (Cable)	3	17.5	13	0	0	
2023-05-02 18:23:49	Arms/Shoulders 	2h 45m	Triceps Extension (Cable)	1	10	12	0	0	
2023-05-02 18:23:49	Arms/Shoulders 	2h 45m	Triceps Extension (Cable)	2	10	13	0	0	
2023-05-02 18:23:49	Arms/Shoulders 	2h 45m	Triceps Extension (Cable)	3	10	8	0	0	
2023-05-02 18:23:49	Arms/Shoulders 	2h 45m	Preacher Curl (Dumbbell)	1	10	15	0	0	
2023-05-02 18:23:49	Arms/Shoulders 	2h 45m	Preacher Curl (Dumbbell)	2	12	8	0	0	
2023-05-02 18:23:49	Arms/Shoulders 	2h 45m	Preacher Curl (Dumbbell)	3	12	5	0	0	
2023-05-02 18:23:49	Arms/Shoulders 	2h 45m	Triceps Extension Leaning Forward 	1	12.5	17	0	0	
2023-05-02 18:23:49	Arms/Shoulders 	2h 45m	Triceps Extension Leaning Forward 	2	17.5	9	0	0	
2023-05-02 18:23:49	Arms/Shoulders 	2h 45m	Triceps Extension Leaning Forward 	3	17.5	9	0	0	
2023-05-02 18:23:49	Arms/Shoulders 	2h 45m	Reverse Curl (Barbell)	1	15	16	0	0	
2023-05-02 18:23:49	Arms/Shoulders 	2h 45m	Reverse Curl (Barbell)	2	15	18	0	0	
2023-05-02 18:23:49	Arms/Shoulders 	2h 45m	Reverse Curl (Barbell)	3	17.5	12	0	0	
2023-05-04 18:31:42	Evening Workout	2h 33m	Leg Extension (Machine)	1	35.5	8	0	0	
2023-05-04 18:31:42	Evening Workout	2h 33m	Leg Extension (Machine)	2	38	9	0	0	
2023-05-04 18:31:42	Evening Workout	2h 33m	Leg Extension (Machine)	3	38	14	0	0	
2023-05-04 18:31:42	Evening Workout	2h 33m	Seated Leg Curl (Machine)	1	56.5	18	0	0	
2023-05-04 18:31:42	Evening Workout	2h 33m	Seated Leg Curl (Machine)	2	59	14	0	0	
2023-05-04 18:31:42	Evening Workout	2h 33m	Seated Leg Curl (Machine)	3	59	4	0	0	
2023-05-04 18:31:42	Evening Workout	2h 33m	Hip Adductor (Machine)	1	73	6	0	0	
2023-05-04 18:31:42	Evening Workout	2h 33m	Hip Adductor (Machine)	2	61	8	0	0	
2023-05-04 18:31:42	Evening Workout	2h 33m	Hip Adductor (Machine)	3	80	8	0	0	
2023-05-04 18:31:42	Evening Workout	2h 33m	Lunge (Dumbbell)	1	12	1	0	0	
2023-05-04 18:31:42	Evening Workout	2h 33m	Lunge (Dumbbell)	2	12	1	0	0	
2023-05-04 18:31:42	Evening Workout	2h 33m	Calf Press on Seated Leg Press	1	115	8	0	0	
2023-05-04 18:31:42	Evening Workout	2h 33m	Calf Press on Seated Leg Press	2	115	10	0	0	
2023-05-04 18:31:42	Evening Workout	2h 33m	Calf Press on Seated Leg Press	3	115	10	0	0	
2023-05-08 18:12:32	Arms/Shoulders 	2h 49m	Shoulder Press (Plate Loaded)	1	20	15	0	0	
2023-05-08 18:12:32	Arms/Shoulders 	2h 49m	Shoulder Press (Plate Loaded)	2	25	12	0	0	
2023-05-08 18:12:32	Arms/Shoulders 	2h 49m	Shoulder Press (Plate Loaded)	3	26.25	8	0	0	
2023-05-08 18:12:32	Arms/Shoulders 	2h 49m	Front Raise (Dumbbell)	1	6	15	0	0	
2023-05-08 18:12:32	Arms/Shoulders 	2h 49m	Front Raise (Dumbbell)	2	8	13	0	0	
2023-05-08 18:12:32	Arms/Shoulders 	2h 49m	Front Raise (Dumbbell)	3	10	6	0	0	
2023-05-08 18:12:32	Arms/Shoulders 	2h 49m	Lateral Raise (Cable)	1	3.75	12	0	0	
2023-05-08 18:12:32	Arms/Shoulders 	2h 49m	Lateral Raise (Cable)	2	3.75	13	0	0	
2023-05-08 18:12:32	Arms/Shoulders 	2h 49m	Lateral Raise (Cable)	3	3.75	8	0	0	
2023-05-08 18:12:32	Arms/Shoulders 	2h 49m	Shrug (Dumbbell)	1	22	12	0	0	
2023-05-08 18:12:32	Arms/Shoulders 	2h 49m	Shrug (Dumbbell)	2	24	12	0	0	
2023-05-08 18:12:32	Arms/Shoulders 	2h 49m	Shrug (Dumbbell)	3	16	10	0	0	
2023-05-08 18:12:32	Arms/Shoulders 	2h 49m	Single Arm Triceps Extension	1	6.25	12	0	0	
2023-05-08 18:12:32	Arms/Shoulders 	2h 49m	Single Arm Triceps Extension	2	7.5	5	0	0	
2023-05-08 18:12:32	Arms/Shoulders 	2h 49m	Single Arm Triceps Extension	3	7.5	5	0	0	
2023-05-08 18:12:32	Arms/Shoulders 	2h 49m	Hammer Curl (Cable)	1	21	12	0	0	
2023-05-08 18:12:32	Arms/Shoulders 	2h 49m	Hammer Curl (Cable)	2	21	10	0	0	
2023-05-08 18:12:32	Arms/Shoulders 	2h 49m	Hammer Curl (Cable)	3	21	9	0	0	
2023-05-08 18:12:32	Arms/Shoulders 	2h 49m	Triceps Extension (Cable)	1	10	12	0	0	
2023-05-08 18:12:32	Arms/Shoulders 	2h 49m	Triceps Extension (Cable)	2	10	9	0	0	
2023-05-08 18:12:32	Arms/Shoulders 	2h 49m	Triceps Extension (Cable)	3	12.5	6	0	0	
2023-05-08 18:12:32	Arms/Shoulders 	2h 49m	Triceps Extension Leaning Forward 	1	17.5	13	0	0	
2023-05-08 18:12:32	Arms/Shoulders 	2h 49m	Triceps Extension Leaning Forward 	2	20	10	0	0	
2023-05-08 18:12:32	Arms/Shoulders 	2h 49m	Triceps Extension Leaning Forward 	3	20	7	0	0	
2023-05-08 18:12:32	Arms/Shoulders 	2h 49m	Reverse Curl (Barbell)	1	17.5	21	0	0	
2023-05-08 18:12:32	Arms/Shoulders 	2h 49m	Reverse Curl (Barbell)	2	17.5	13	0	0	
2023-05-08 18:12:32	Arms/Shoulders 	2h 49m	Reverse Curl (Barbell)	3	20	10	0	0	
2023-05-09 17:43:31	Legs	1h 56m	Leg Extension (Machine)	1	35.5	15	0	0	
2023-05-09 17:43:31	Legs	1h 56m	Leg Extension (Machine)	2	38	13	0	0	
2023-05-09 17:43:31	Legs	1h 56m	Leg Extension (Machine)	3	38	10	0	0	
2023-05-09 17:43:31	Legs	1h 56m	Seated Leg Curl (Machine)	1	59	9	0	0	
2023-05-09 17:43:31	Legs	1h 56m	Seated Leg Curl (Machine)	2	61	13	0	0	
2023-05-09 17:43:31	Legs	1h 56m	Seated Leg Curl (Machine)	3	61	10	0	0	
2023-05-09 17:43:31	Legs	1h 56m	Hip Adductor (Machine)	1	82	12	0	0	
2023-05-09 17:43:31	Legs	1h 56m	Hip Adductor (Machine)	2	82	8	0	0	
2023-05-09 17:43:31	Legs	1h 56m	Hip Adductor (Machine)	3	82	12	0	0	
2023-05-09 17:43:31	Legs	1h 56m	Lunge (Dumbbell)	1	12	1	0	0	
2023-05-09 17:43:31	Legs	1h 56m	Lunge (Dumbbell)	2	12	1	0	0	
2023-05-09 17:43:31	Legs	1h 56m	Lunge (Dumbbell)	3	12	1	0	0	
2023-05-09 17:43:31	Legs	1h 56m	Lunge (Dumbbell)	4	10	1	0	0	
2023-05-16 8:28:19	Legs	2h 3m	Leg Extension (Machine)	1	35.5	15	0	0	
2023-05-16 8:28:19	Legs	2h 3m	Leg Extension (Machine)	2	38	13	0	0	
2023-05-16 8:28:19	Legs	2h 3m	Leg Extension (Machine)	3	38	10	0	0	
2023-05-16 8:28:19	Legs	2h 3m	Hip Adductor (Machine)	1	82	12	0	0	
2023-05-16 8:28:19	Legs	2h 3m	Hip Adductor (Machine)	2	82	8	0	0	
2023-05-16 8:28:19	Legs	2h 3m	Hip Adductor (Machine)	3	82	12	0	0	
2023-05-16 8:28:19	Legs	2h 3m	Lunge (Dumbbell)	1	10	1	0	0	
2023-05-16 8:28:19	Legs	2h 3m	Lunge (Dumbbell)	2	10	1	0	0	
2023-05-16 8:28:19	Legs	2h 3m	Lunge (Dumbbell)	3	6	1	0	0	
2023-05-16 8:28:19	Legs	2h 3m	Lunge (Dumbbell)	4	5	1	0	0	
2023-05-16 8:28:19	Legs	2h 3m	Lunge (Dumbbell)	5	5	1	0	0	
2023-05-16 8:28:19	Legs	2h 3m	Calf Press on Seated Leg Press	1	115	11	0	0	
2023-05-16 8:28:19	Legs	2h 3m	Calf Press on Seated Leg Press	2	115	10	0	0	
2023-05-16 8:28:19	Legs	2h 3m	Calf Press on Seated Leg Press	3	115	10	0	0	
2023-05-17 20:16:24	Evening Workout	1h 33m	Straight Arm Pull down 	1	17.5	11	0	0	
2023-05-17 20:16:24	Evening Workout	1h 33m	Straight Arm Pull down 	2	17.5	11	0	0	
2023-05-17 20:16:24	Evening Workout	1h 33m	Straight Arm Pull down 	3	17.5	6	0	0	
2023-05-17 20:16:24	Evening Workout	1h 33m	Iso-Lateral Chest Press (Machine)	1	30	11	0	0	
2023-05-17 20:16:24	Evening Workout	1h 33m	Iso-Lateral Chest Press (Machine)	2	30	8	0	0	
2023-05-17 20:16:24	Evening Workout	1h 33m	Iso-Lateral Chest Press (Machine)	3	30	8	0	0	
2023-05-17 20:16:24	Evening Workout	1h 33m	Plate Loaded Row	1	30	11	0	0	
2023-05-17 20:16:24	Evening Workout	1h 33m	Plate Loaded Row	2	30	10	0	0	
2023-05-17 20:16:24	Evening Workout	1h 33m	Plate Loaded Row	3	40	8	0	0	
2023-05-18 17:43:36	Arms/Shoulders 	2h 10m	Shoulder Press (Plate Loaded)	1	25	11	0	0	
2023-05-18 17:43:36	Arms/Shoulders 	2h 10m	Shoulder Press (Plate Loaded)	2	25	10	0	0	
2023-05-18 17:43:36	Arms/Shoulders 	2h 10m	Shoulder Press (Plate Loaded)	3	26.25	4	0	0	
2023-05-18 17:43:36	Arms/Shoulders 	2h 10m	Front Raise (Dumbbell)	1	6	22	0	0	
2023-05-18 17:43:36	Arms/Shoulders 	2h 10m	Front Raise (Dumbbell)	2	8	18	0	0	
2023-05-18 17:43:36	Arms/Shoulders 	2h 10m	Front Raise (Dumbbell)	3	10	9	0	0	
2023-05-18 17:43:36	Arms/Shoulders 	2h 10m	Lateral Raise (Cable)	1	3.75	12	0	0	
2023-05-18 17:43:36	Arms/Shoulders 	2h 10m	Lateral Raise (Cable)	2	3.75	12	0	0	
2023-05-18 17:43:36	Arms/Shoulders 	2h 10m	Lateral Raise (Cable)	3	3.75	8	0	0	
2023-05-18 17:43:36	Arms/Shoulders 	2h 10m	Tricep Pushdown Individual (Rope)	1	6.25	12	0	0	
2023-05-18 17:43:36	Arms/Shoulders 	2h 10m	Tricep Pushdown Individual (Rope)	2	8.75	13	0	0	
2023-05-18 17:43:36	Arms/Shoulders 	2h 10m	Tricep Pushdown Individual (Rope)	3	8.75	13	0	0	
2023-05-18 17:43:36	Arms/Shoulders 	2h 10m	Hammer Curl (Cable)	1	21.25	13	0	0	
2023-05-18 17:43:36	Arms/Shoulders 	2h 10m	Hammer Curl (Cable)	2	21.25	8	0	0	
2023-05-18 17:43:36	Arms/Shoulders 	2h 10m	Hammer Curl (Cable)	3	21.25	5	0	0	
2023-05-18 17:43:36	Arms/Shoulders 	2h 10m	Triceps Extension (Cable)	1	10	10	0	0	
2023-05-18 17:43:36	Arms/Shoulders 	2h 10m	Triceps Extension (Cable)	2	10	8	0	0	
2023-05-18 17:43:36	Arms/Shoulders 	2h 10m	Triceps Extension (Cable)	3	10	5	0	0	
2023-05-18 17:43:36	Arms/Shoulders 	2h 10m	Biceps Strict Curls	1	5	15	0	0	
2023-05-18 17:43:36	Arms/Shoulders 	2h 10m	Biceps Strict Curls	2	5	8	0	0	
2023-05-18 17:43:36	Arms/Shoulders 	2h 10m	Biceps Strict Curls	3	5	10	0	0	
2023-05-18 17:43:36	Arms/Shoulders 	2h 10m	Biceps Strict Curls	D	5	4	0	0	
2023-05-18 17:43:36	Arms/Shoulders 	2h 10m	Biceps Strict Curls	D	5	3	0	0	
2023-05-18 17:43:36	Arms/Shoulders 	2h 10m	Triceps Extension Leaning Forward 	1	17.5	14	0	0	
2023-05-18 17:43:36	Arms/Shoulders 	2h 10m	Triceps Extension Leaning Forward 	2	21	10	0	0	
2023-05-18 17:43:36	Arms/Shoulders 	2h 10m	Triceps Extension Leaning Forward 	3	21	9	0	0	
2023-05-21 18:35:56	Chest & Back	1h 58m	Straight Arm Pull down 	1	17.5	13	0	0	
2023-05-21 18:35:56	Chest & Back	1h 58m	Straight Arm Pull down 	2	17.5	12	0	0	
2023-05-21 18:35:56	Chest & Back	1h 58m	Straight Arm Pull down 	3	17.5	7	0	0	
2023-05-21 18:35:56	Chest & Back	1h 58m	Iso-Lateral Chest Press (Machine)	1	30	12	0	0	
2023-05-21 18:35:56	Chest & Back	1h 58m	Iso-Lateral Chest Press (Machine)	2	30	9	0	0	
2023-05-21 18:35:56	Chest & Back	1h 58m	Iso-Lateral Chest Press (Machine)	3	31.25	7	0	0	
2023-05-21 18:35:56	Chest & Back	1h 58m	Seated Row (Machine)	1	33	17	0	0	
2023-05-21 18:35:56	Chest & Back	1h 58m	Seated Row (Machine)	2	40	16	0	0	
2023-05-21 18:35:56	Chest & Back	1h 58m	Seated Row (Machine)	3	47	16	0	0	
2023-05-21 18:35:56	Chest & Back	1h 58m	Chest Fly (Band)	1	8.75	12	0	0	
2023-05-21 18:35:56	Chest & Back	1h 58m	Chest Fly (Band)	2	8.75	10	0	0	
2023-05-21 18:35:56	Chest & Back	1h 58m	Chest Fly (Band)	3	8.75	8	0	0	
2023-05-21 18:35:56	Chest & Back	1h 58m	Plate Loaded Row	1	35	10	0	0	
2023-05-21 18:35:56	Chest & Back	1h 58m	Plate Loaded Row	2	35	8	0	0	
2023-05-21 18:35:56	Chest & Back	1h 58m	Plate Loaded Row	3	35	7	0	0	
2023-05-21 18:35:56	Chest & Back	1h 58m	Incline Bench Press (Dumbbell)	1	22	5	0	0	
2023-05-21 18:35:56	Chest & Back	1h 58m	Incline Bench Press (Dumbbell)	2	20	5	0	0	
2023-05-21 18:35:56	Chest & Back	1h 58m	Incline Bench Press (Dumbbell)	3	18	5	0	0	
2023-05-22 18:14:40	Arms/Shoulders 	2h 15m	Shoulder Press (Plate Loaded)	1	25	14	0	0	
2023-05-22 18:14:40	Arms/Shoulders 	2h 15m	Shoulder Press (Plate Loaded)	2	26.25	11	0	0	
2023-05-22 18:14:40	Arms/Shoulders 	2h 15m	Shoulder Press (Plate Loaded)	3	26.25	5	0	0	
2023-05-22 18:14:40	Arms/Shoulders 	2h 15m	Lateral Raise (Cable)	1	3.75	14	0	0	
2023-05-22 18:14:40	Arms/Shoulders 	2h 15m	Lateral Raise (Cable)	2	3.75	11	0	0	
2023-05-22 18:14:40	Arms/Shoulders 	2h 15m	Lateral Raise (Cable)	3	3.75	8	0	0	
2023-05-22 18:14:40	Arms/Shoulders 	2h 15m	Upright Row (Barbell)	1	15	11	0	0	
2023-05-22 18:14:40	Arms/Shoulders 	2h 15m	Upright Row (Barbell)	2	15	14	0	0	
2023-05-22 18:14:40	Arms/Shoulders 	2h 15m	Upright Row (Barbell)	3	15	18	0	0	
2023-05-22 18:14:40	Arms/Shoulders 	2h 15m	Front Raise (Dumbbell)	1	9	13	0	0	
2023-05-22 18:14:40	Arms/Shoulders 	2h 15m	Front Raise (Dumbbell)	2	9	8	0	0	
2023-05-22 18:14:40	Arms/Shoulders 	2h 15m	Front Raise (Dumbbell)	3	9	7	0	0	
2023-05-22 18:14:40	Arms/Shoulders 	2h 15m	Tricep Pushdown Individual (Rope)	1	10	22	0	0	
2023-05-22 18:14:40	Arms/Shoulders 	2h 15m	Tricep Pushdown Individual (Rope)	F	10	9	0	0	
2023-05-22 18:14:40	Arms/Shoulders 	2h 15m	Tricep Pushdown Individual (Rope)	3	10	14	0	0	
2023-05-22 18:14:40	Arms/Shoulders 	2h 15m	Tricep Pushdown Individual (Rope)	D	10	8	0	0	
2023-05-22 18:14:40	Arms/Shoulders 	2h 15m	Tricep Pushdown Individual (Rope)	F	10	7	0	0	
2023-05-22 18:14:40	Arms/Shoulders 	2h 15m	Tricep Pushdown Individual (Rope)	5	12.5	13	0	0	
2023-05-22 18:14:40	Arms/Shoulders 	2h 15m	Tricep Pushdown Individual (Rope)	D	12.5	5	0	0	
2023-05-22 18:14:40	Arms/Shoulders 	2h 15m	Tricep Pushdown Individual (Rope)	D	12.5	4	0	0	
2023-05-22 18:14:40	Arms/Shoulders 	2h 15m	Tricep Pushdown Individual (Rope)	F	12.5	8	0	0	
2023-05-22 18:14:40	Arms/Shoulders 	2h 15m	Biceps Strict Curls	1	5	20	0	0	
2023-05-22 18:14:40	Arms/Shoulders 	2h 15m	Biceps Strict Curls	F	5	6	0	0	
2023-05-22 18:14:40	Arms/Shoulders 	2h 15m	Biceps Strict Curls	3	5	11	0	0	
2023-05-22 18:14:40	Arms/Shoulders 	2h 15m	Biceps Strict Curls	D	5	4	0	0	
2023-05-22 18:14:40	Arms/Shoulders 	2h 15m	Biceps Strict Curls	F	5	4	0	0	
2023-05-22 18:14:40	Arms/Shoulders 	2h 15m	Biceps Strict Curls	5	5	16	0	0	
2023-05-22 18:14:40	Arms/Shoulders 	2h 15m	Biceps Strict Curls	D	5	4	0	0	
2023-05-22 18:14:40	Arms/Shoulders 	2h 15m	Biceps Strict Curls	D	5	3	0	0	
2023-05-22 18:14:40	Arms/Shoulders 	2h 15m	Biceps Strict Curls	F	5	3	0	0	
2023-05-22 18:14:40	Arms/Shoulders 	2h 15m	Triceps Extension Leaning Forward 	1	17.5	14	0	0	
2023-05-22 18:14:40	Arms/Shoulders 	2h 15m	Triceps Extension Leaning Forward 	2	21	10	0	0	
2023-05-22 18:14:40	Arms/Shoulders 	2h 15m	Triceps Extension Leaning Forward 	3	21	7	0	0	
2023-05-22 18:14:40	Arms/Shoulders 	2h 15m	Hammer Curl (Cable)	1	21	9	0	0	
2023-05-22 18:14:40	Arms/Shoulders 	2h 15m	Hammer Curl (Cable)	2	21	5	0	0	
2023-05-22 18:14:40	Arms/Shoulders 	2h 15m	Hammer Curl (Cable)	3	21	4	0	0	
2023-05-22 18:14:40	Arms/Shoulders 	2h 15m	Triceps Extension (Cable)	1	10	14	0	0	
2023-05-22 18:14:40	Arms/Shoulders 	2h 15m	Triceps Extension (Cable)	2	10	6	0	0	
2023-05-22 18:14:40	Arms/Shoulders 	2h 15m	Triceps Extension (Cable)	3	10	6	0	0	
2023-05-22 18:14:40	Arms/Shoulders 	2h 15m	Hammer Curl (Dumbbell)	1	12	5	0	0	
2023-05-22 18:14:40	Arms/Shoulders 	2h 15m	Hammer Curl (Dumbbell)	2	12	3	0	0	
2023-05-22 18:14:40	Arms/Shoulders 	2h 15m	Hammer Curl (Dumbbell)	3	12	4	0	0	
2023-05-24 18:23:30	Legs	1h 8m	Leg Extension (Machine)	1	35.5	16	0	0	
2023-05-24 18:23:30	Legs	1h 8m	Leg Extension (Machine)	2	38	13	0	0	
2023-05-24 18:23:30	Legs	1h 8m	Seated Leg Curl (Machine)	1	63.5	11	0	0	
2023-05-24 18:23:30	Legs	1h 8m	Seated Leg Curl (Machine)	2	63.5	8	0	0	
2023-05-24 18:23:30	Legs	1h 8m	Lunge (Dumbbell)	1	12	1	0	0	
2023-05-24 18:23:30	Legs	1h 8m	Lunge (Dumbbell)	2	12	1	0	0	
2023-05-24 18:23:30	Legs	1h 8m	Lunge (Dumbbell)	3	12	1	0	0	
2023-05-24 18:23:30	Legs	1h 8m	Lunge (Dumbbell)	4	12	1	0	0	
2023-05-24 18:23:30	Legs	1h 8m	Lunge (Dumbbell)	5	12	1	0	0	
2023-05-24 18:23:30	Legs	1h 8m	Hip Adductor (Machine)	1	82	14	0	0	
2023-05-24 18:23:30	Legs	1h 8m	Hip Adductor (Machine)	2	82	8	0	0	
2023-05-24 18:23:30	Legs	1h 8m	Hip Adductor (Machine)	3	82	12	0	0	
2023-05-24 18:23:30	Legs	1h 8m	Calf Press on Seated Leg Press	1	115	11	0	0	
2023-05-24 18:23:30	Legs	1h 8m	Calf Press on Seated Leg Press	2	115	10	0	0	
2023-05-24 18:23:30	Legs	1h 8m	Calf Press on Seated Leg Press	3	115	10	0	0	
2023-05-25 9:43:48	Arms/Shoulders 	1h 52m	Tricep Pushdown Individual (Rope)	1	12.5	18	0	0	
2023-05-25 9:43:48	Arms/Shoulders 	1h 52m	Tricep Pushdown Individual (Rope)	F	12.5	13	0	0	
2023-05-25 9:43:48	Arms/Shoulders 	1h 52m	Tricep Pushdown Individual (Rope)	3	12.5	14	0	0	
2023-05-25 9:43:48	Arms/Shoulders 	1h 52m	Tricep Pushdown Individual (Rope)	D	12.5	11	0	0	
2023-05-25 9:43:48	Arms/Shoulders 	1h 52m	Tricep Pushdown Individual (Rope)	F	12.5	8	0	0	
2023-05-25 9:43:48	Arms/Shoulders 	1h 52m	Tricep Pushdown Individual (Rope)	5	12.5	20	0	0	
2023-05-25 9:43:48	Arms/Shoulders 	1h 52m	Tricep Pushdown Individual (Rope)	D	12.5	5	0	0	
2023-05-25 9:43:48	Arms/Shoulders 	1h 52m	Tricep Pushdown Individual (Rope)	D	12.5	6	0	0	
2023-05-25 9:43:48	Arms/Shoulders 	1h 52m	Tricep Pushdown Individual (Rope)	F	12.5	8	0	0	
2023-05-25 9:43:48	Arms/Shoulders 	1h 52m	Biceps Strict Curls	1	5	23	0	0	
2023-05-25 9:43:48	Arms/Shoulders 	1h 52m	Biceps Strict Curls	F	5	6	0	0	
2023-05-25 9:43:48	Arms/Shoulders 	1h 52m	Biceps Strict Curls	3	5	14	0	0	
2023-05-25 9:43:48	Arms/Shoulders 	1h 52m	Biceps Strict Curls	D	5	4	0	0	
2023-05-25 9:43:48	Arms/Shoulders 	1h 52m	Biceps Strict Curls	F	5	4	0	0	
2023-05-25 9:43:48	Arms/Shoulders 	1h 52m	Biceps Strict Curls	5	5	15	0	0	
2023-05-25 9:43:48	Arms/Shoulders 	1h 52m	Biceps Strict Curls	D	5	3	0	0	
2023-05-25 9:43:48	Arms/Shoulders 	1h 52m	Biceps Strict Curls	D	5	2	0	0	
2023-05-25 9:43:48	Arms/Shoulders 	1h 52m	Biceps Strict Curls	F	5	4	0	0	
2023-05-25 9:43:48	Arms/Shoulders 	1h 52m	Triceps Extension Leaning Forward 	1	21	11	0	0	
2023-05-25 9:43:48	Arms/Shoulders 	1h 52m	Triceps Extension Leaning Forward 	2	21	12	0	0	
2023-05-25 9:43:48	Arms/Shoulders 	1h 52m	Triceps Extension Leaning Forward 	3	21	12	0	0	
2023-05-25 9:43:48	Arms/Shoulders 	1h 52m	Hammer Curl (Cable)	1	21	10	0	0	
2023-05-25 9:43:48	Arms/Shoulders 	1h 52m	Hammer Curl (Cable)	2	21	8	0	0	
2023-05-25 9:43:48	Arms/Shoulders 	1h 52m	Hammer Curl (Cable)	3	21	7	0	0	
2023-05-25 9:43:48	Arms/Shoulders 	1h 52m	Triceps Extension (Cable)	1	10	14	0	0	
2023-05-25 9:43:48	Arms/Shoulders 	1h 52m	Triceps Extension (Cable)	2	10	8	0	0	
2023-05-25 9:43:48	Arms/Shoulders 	1h 52m	Triceps Extension (Cable)	3	10	6	0	0	
2023-05-25 9:43:48	Arms/Shoulders 	1h 52m	Hammer Curl (Dumbbell)	1	12	11	0	0	
2023-05-25 9:43:48	Arms/Shoulders 	1h 52m	Hammer Curl (Dumbbell)	2	12	11	0	0	
2023-05-25 9:43:48	Arms/Shoulders 	1h 52m	Hammer Curl (Dumbbell)	3	12	12	0	0	
2023-05-26 12:14:30	Chest & Back	1h 10m	Straight Arm Pull down 	1	17.5	14	0	0	
2023-05-26 12:14:30	Chest & Back	1h 10m	Straight Arm Pull down 	2	17.5	13	0	0	
2023-05-26 12:14:30	Chest & Back	1h 10m	Straight Arm Pull down 	3	17.5	8	0	0	
2023-05-26 12:14:30	Chest & Back	1h 10m	Incline Bench Press (Dumbbell)	1	22	6	0	0	
2023-05-26 12:14:30	Chest & Back	1h 10m	Incline Bench Press (Dumbbell)	2	22	5	0	0	
2023-05-26 12:14:30	Chest & Back	1h 10m	Incline Bench Press (Dumbbell)	3	16	9	0	0	
2023-05-26 12:14:30	Chest & Back	1h 10m	Seated Wide-Grip Row (Cable)	1	13	11	0	0	
2023-05-26 12:14:30	Chest & Back	1h 10m	Seated Wide-Grip Row (Cable)	2	13	11	0	0	
2023-05-26 12:14:30	Chest & Back	1h 10m	Seated Wide-Grip Row (Cable)	3	13	10	0	0	
2023-05-26 12:14:30	Chest & Back	1h 10m	Incline Bench Press (Smith Machine)	1	10	9	0	0	
2023-05-26 12:14:30	Chest & Back	1h 10m	Incline Bench Press (Smith Machine)	2	10	6	0	0	
2023-05-26 12:14:30	Chest & Back	1h 10m	Incline Bench Press (Smith Machine)	3	10	13	0	0	
2023-05-29 18:22:25	Arms/Shoulders 	2h 57m	Shoulder Press (Plate Loaded)	1	26.25	7	0	0	
2023-05-29 18:22:25	Arms/Shoulders 	2h 57m	Shoulder Press (Plate Loaded)	2	26.25	5	0	0	
2023-05-29 18:22:25	Arms/Shoulders 	2h 57m	Shoulder Press (Plate Loaded)	3	26.25	6	0	0	
2023-05-29 18:22:25	Arms/Shoulders 	2h 57m	Upright Row (Barbell)	1	15	20	0	0	
2023-05-29 18:22:25	Arms/Shoulders 	2h 57m	Upright Row (Barbell)	2	15	20	0	0	
2023-05-29 18:22:25	Arms/Shoulders 	2h 57m	Upright Row (Barbell)	3	15	20	0	0	
2023-05-29 18:22:25	Arms/Shoulders 	2h 57m	Tricep Pushdown Individual (Rope)	1	15	12	0	0	
2023-05-29 18:22:25	Arms/Shoulders 	2h 57m	Tricep Pushdown Individual (Rope)	F	15	7	0	0	
2023-05-29 18:22:25	Arms/Shoulders 	2h 57m	Tricep Pushdown Individual (Rope)	3	12.5	16	0	0	
2023-05-29 18:22:25	Arms/Shoulders 	2h 57m	Tricep Pushdown Individual (Rope)	D	12.5	7	0	0	
2023-05-29 18:22:25	Arms/Shoulders 	2h 57m	Tricep Pushdown Individual (Rope)	F	12.5	7	0	0	
2023-05-29 18:22:25	Arms/Shoulders 	2h 57m	Tricep Pushdown Individual (Rope)	5	12.5	21	0	0	
2023-05-29 18:22:25	Arms/Shoulders 	2h 57m	Tricep Pushdown Individual (Rope)	D	12.5	7	0	0	
2023-05-29 18:22:25	Arms/Shoulders 	2h 57m	Tricep Pushdown Individual (Rope)	D	12.5	7	0	0	
2023-05-29 18:22:25	Arms/Shoulders 	2h 57m	Tricep Pushdown Individual (Rope)	F	12.5	9	0	0	
2023-05-29 18:22:25	Arms/Shoulders 	2h 57m	Biceps Strict Curls	1	6.25	16	0	0	
2023-05-29 18:22:25	Arms/Shoulders 	2h 57m	Biceps Strict Curls	F	6.25	4	0	0	
2023-05-29 18:22:25	Arms/Shoulders 	2h 57m	Biceps Strict Curls	3	6.25	11	0	0	
2023-05-29 18:22:25	Arms/Shoulders 	2h 57m	Biceps Strict Curls	D	6.25	3	0	0	
2023-05-29 18:22:25	Arms/Shoulders 	2h 57m	Biceps Strict Curls	F	6.25	2	0	0	
2023-05-29 18:22:25	Arms/Shoulders 	2h 57m	Biceps Strict Curls	5	6.25	12	0	0	
2023-05-29 18:22:25	Arms/Shoulders 	2h 57m	Biceps Strict Curls	D	6.25	3	0	0	
2023-05-29 18:22:25	Arms/Shoulders 	2h 57m	Biceps Strict Curls	D	6.25	2	0	0	
2023-05-29 18:22:25	Arms/Shoulders 	2h 57m	Biceps Strict Curls	F	6.25	3	0	0	
2023-05-29 18:22:25	Arms/Shoulders 	2h 57m	Triceps Extension Leaning Forward 	1	21	14	0	0	
2023-05-29 18:22:25	Arms/Shoulders 	2h 57m	Triceps Extension Leaning Forward 	2	21	12	0	0	
2023-05-29 18:22:25	Arms/Shoulders 	2h 57m	Triceps Extension Leaning Forward 	3	21	11	0	0	
2023-05-29 18:22:25	Arms/Shoulders 	2h 57m	Hammer Curl (Cable)	1	21	10	0	0	
2023-05-29 18:22:25	Arms/Shoulders 	2h 57m	Hammer Curl (Dumbbell)	1	12	12	0	0	
2023-05-29 18:22:25	Arms/Shoulders 	2h 57m	Hammer Curl (Dumbbell)	2	12	7	0	0	
2023-05-29 18:22:25	Arms/Shoulders 	2h 57m	Hammer Curl (Dumbbell)	3	12	7	0	0	
2023-05-30 9:43:45	Legs	1h 54m	Leg Extension (Machine)	1	33	8	0	0	
2023-05-30 9:43:45	Legs	1h 54m	Leg Extension (Machine)	2	33	9	0	0	
2023-05-30 9:43:45	Legs	1h 54m	Lunge (Dumbbell)	1	12	1	0	0	
2023-05-30 9:43:45	Legs	1h 54m	Lunge (Dumbbell)	2	12	1	0	0	
2023-05-30 9:43:45	Legs	1h 54m	Lunge (Dumbbell)	3	12	1	0	0	
2023-05-30 9:43:45	Legs	1h 54m	Lunge (Dumbbell)	4	12	1	0	0	
2023-05-30 9:43:45	Legs	1h 54m	Lunge (Dumbbell)	5	12	1	0	0	
2023-05-30 9:43:45	Legs	1h 54m	Hip Adductor (Machine)	1	89	10	0	0	
2023-05-30 9:43:45	Legs	1h 54m	Hip Adductor (Machine)	2	89	9	0	0	
2023-05-30 9:43:45	Legs	1h 54m	Hip Adductor (Machine)	3	89	10	0	0	
2023-05-31 18:24:13	Chest & Back	1h 47m	Straight Arm Pull down 	1	17.5	12	0	0	
2023-05-31 18:24:13	Chest & Back	1h 47m	Straight Arm Pull down 	2	17.5	10	0	0	
2023-05-31 18:24:13	Chest & Back	1h 47m	Straight Arm Pull down 	3	17.5	4	0	0	
2023-05-31 18:24:13	Chest & Back	1h 47m	Incline Bench Press (Dumbbell)	1	22	7	0	0	
2023-05-31 18:24:13	Chest & Back	1h 47m	Incline Bench Press (Dumbbell)	2	22	5	0	0	
2023-05-31 18:24:13	Chest & Back	1h 47m	Incline Bench Press (Dumbbell)	3	22	5	0	0	
2023-05-31 18:24:13	Chest & Back	1h 47m	Seated Wide-Grip Row (Cable)	1	13	11	0	0	
2023-05-31 18:24:13	Chest & Back	1h 47m	Seated Wide-Grip Row (Cable)	2	13	11	0	0	
2023-05-31 18:24:13	Chest & Back	1h 47m	Seated Wide-Grip Row (Cable)	3	13	12	0	0	
2023-05-31 18:24:13	Chest & Back	1h 47m	Chest Fly (Band)	1	8.75	11	0	0	
2023-05-31 18:24:13	Chest & Back	1h 47m	Chest Fly (Band)	2	8.75	13	0	0	
2023-05-31 18:24:13	Chest & Back	1h 47m	Chest Fly (Band)	3	8.75	11	0	0	
2023-06-01 17:14:09	Arms/Shoulders 	1h 31m	Tricep Pushdown Individual (Rope)	1	12.5	20	0	0	
2023-06-01 17:14:09	Arms/Shoulders 	1h 31m	Tricep Pushdown Individual (Rope)	F	12.5	7	0	0	
2023-06-01 17:14:09	Arms/Shoulders 	1h 31m	Tricep Pushdown Individual (Rope)	3	15	13	0	0	
2023-06-01 17:14:09	Arms/Shoulders 	1h 31m	Tricep Pushdown Individual (Rope)	D	15	8	0	0	
2023-06-01 17:14:09	Arms/Shoulders 	1h 31m	Tricep Pushdown Individual (Rope)	F	15	6	0	0	
2023-06-01 17:14:09	Arms/Shoulders 	1h 31m	Tricep Pushdown Individual (Rope)	5	12.5	16	0	0	
2023-06-01 17:14:09	Arms/Shoulders 	1h 31m	Tricep Pushdown Individual (Rope)	D	12.5	5	0	0	
2023-06-01 17:14:09	Arms/Shoulders 	1h 31m	Tricep Pushdown Individual (Rope)	D	12.5	6	0	0	
2023-06-01 17:14:09	Arms/Shoulders 	1h 31m	Tricep Pushdown Individual (Rope)	F	12.5	6	0	0	
2023-06-01 17:14:09	Arms/Shoulders 	1h 31m	Biceps Strict Curls	1	6.25	19	0	0	
2023-06-01 17:14:09	Arms/Shoulders 	1h 31m	Biceps Strict Curls	F	6.25	3	0	0	
2023-06-01 17:14:09	Arms/Shoulders 	1h 31m	Biceps Strict Curls	3	6.25	13	0	0	
2023-06-01 17:14:09	Arms/Shoulders 	1h 31m	Biceps Strict Curls	D	6.25	3	0	0	
2023-06-01 17:14:09	Arms/Shoulders 	1h 31m	Biceps Strict Curls	F	6.25	2	0	0	
2023-06-01 17:14:09	Arms/Shoulders 	1h 31m	Biceps Strict Curls	5	6.25	14	0	0	
2023-06-01 17:14:09	Arms/Shoulders 	1h 31m	Biceps Strict Curls	D	6.25	2	0	0	
2023-06-01 17:14:09	Arms/Shoulders 	1h 31m	Biceps Strict Curls	D	6.25	2	0	0	
2023-06-01 17:14:09	Arms/Shoulders 	1h 31m	Biceps Strict Curls	F	6.25	2	0	0	
2023-06-01 17:14:09	Arms/Shoulders 	1h 31m	Triceps Extension Leaning Forward 	1	21	15	0	0	
2023-06-01 17:14:09	Arms/Shoulders 	1h 31m	Triceps Extension Leaning Forward 	2	21	20	0	0	
2023-06-01 17:14:09	Arms/Shoulders 	1h 31m	Triceps Extension Leaning Forward 	3	21	23	0	0	
2023-06-01 17:14:09	Arms/Shoulders 	1h 31m	Hammer Curl (Dumbbell)	1	12	8	0	0	
2023-06-01 17:14:09	Arms/Shoulders 	1h 31m	Hammer Curl (Dumbbell)	2	12	5	0	0	
2023-06-01 17:14:09	Arms/Shoulders 	1h 31m	Hammer Curl (Dumbbell)	3	12	5	0	0	
2023-06-05 7:10:11	Chest & Back	1h 11m	Straight Arm Pull down 	1	17.5	13	0	0	
2023-06-05 7:10:11	Chest & Back	1h 11m	Straight Arm Pull down 	2	17.5	10	0	0	
2023-06-05 7:10:11	Chest & Back	1h 11m	Straight Arm Pull down 	3	17.5	7	0	0	
2023-06-05 7:10:11	Chest & Back	1h 11m	Incline Bench Press (Smith Machine)	1	10	11	0	0	
2023-06-05 7:10:11	Chest & Back	1h 11m	Incline Bench Press (Smith Machine)	2	10	12	0	0	
2023-06-05 7:10:11	Chest & Back	1h 11m	Incline Bench Press (Smith Machine)	3	10	14	0	0	
2023-06-05 7:10:11	Chest & Back	1h 11m	Seated Row (Cable)	1	13	15	0	0	
2023-06-05 7:10:11	Chest & Back	1h 11m	Seated Row (Cable)	2	16.5	10	0	0	
2023-06-05 7:10:11	Chest & Back	1h 11m	Seated Row (Cable)	3	16.5	11	0	0	
2023-06-05 7:10:11	Chest & Back	1h 11m	Chest Fly (Band)	1	8.75	17	0	0	
2023-06-05 7:10:11	Chest & Back	1h 11m	Chest Fly (Band)	2	11.25	10	0	0	
2023-06-05 7:10:11	Chest & Back	1h 11m	Chest Fly (Band)	3	8.75	5	0	0	
2023-06-06 18:41:47	Arms/Shoulders 	55m	Biceps Strict Curls	1	6.25	20	0	0	
2023-06-06 18:41:47	Arms/Shoulders 	55m	Biceps Strict Curls	F	6.25	4	0	0	
2023-06-06 18:41:47	Arms/Shoulders 	55m	Biceps Strict Curls	3	6.25	15	0	0	
2023-06-06 18:41:47	Arms/Shoulders 	55m	Biceps Strict Curls	D	6.25	3	0	0	
2023-06-06 18:41:47	Arms/Shoulders 	55m	Biceps Strict Curls	F	6.25	2	0	0	
2023-06-06 18:41:47	Arms/Shoulders 	55m	Biceps Strict Curls	5	6.25	12	0	0	
2023-06-06 18:41:47	Arms/Shoulders 	55m	Biceps Strict Curls	D	6.25	2	0	0	
2023-06-06 18:41:47	Arms/Shoulders 	55m	Biceps Strict Curls	D	6.25	2	0	0	
2023-06-06 18:41:47	Arms/Shoulders 	55m	Biceps Strict Curls	F	6.25	3	0	0	
2023-06-06 18:41:47	Arms/Shoulders 	55m	Reverse Grip Triceps Extension 	1	12.5	19	0	0	
2023-06-06 18:41:47	Arms/Shoulders 	55m	Reverse Grip Triceps Extension 	2	12.5	16	0	0	
2023-06-06 18:41:47	Arms/Shoulders 	55m	Reverse Grip Triceps Extension 	3	12.5	13	0	0	
2023-06-07 21:39:18	Evening Workout	1h 30m	Reverse Curl (Barbell)	1	17.5	21	0	0	
2023-06-07 21:39:18	Evening Workout	1h 30m	Reverse Curl (Barbell)	2	17.5	15	0	0	
2023-06-07 21:39:18	Evening Workout	1h 30m	Reverse Curl (Barbell)	3	20	12	0	0	
2023-06-07 21:39:18	Evening Workout	1h 30m	Reverse Curl (Barbell)	4	20	12	0	0	
2023-06-07 21:39:18	Evening Workout	1h 30m	Upright Row (Barbell)	1	17.5	12	0	0	
2023-06-07 21:39:18	Evening Workout	1h 30m	Upright Row (Barbell)	2	17.5	12	0	0	
2023-06-07 21:39:18	Evening Workout	1h 30m	Upright Row (Barbell)	3	17.5	12	0	0	
2023-06-07 21:39:18	Evening Workout	1h 30m	Reverse Fly (Machine)	1	28.5	13	0	0	
2023-06-07 21:39:18	Evening Workout	1h 30m	Reverse Fly (Machine)	2	28.5	12	0	0	
2023-06-07 21:39:18	Evening Workout	1h 30m	Reverse Fly (Machine)	3	28.5	10	0	0	
2023-06-07 21:39:18	Evening Workout	1h 30m	Hammer Curl (Dumbbell)	1	12	11	0	0	
2023-06-07 21:39:18	Evening Workout	1h 30m	Hammer Curl (Dumbbell)	2	12	8	0	0	
2023-06-07 21:39:18	Evening Workout	1h 30m	Hammer Curl (Dumbbell)	3	12	7	0	0	
2023-06-07 21:39:18	Evening Workout	1h 30m	Shoulder Press (Plate Loaded)	1	25	7	0	0	
2023-06-07 21:39:18	Evening Workout	1h 30m	Shoulder Press (Plate Loaded)	2	25	5	0	0	
2023-06-07 21:39:18	Evening Workout	1h 30m	Shoulder Press (Plate Loaded)	3	25	4	0	0	
2023-06-07 21:39:18	Evening Workout	1h 30m	Flat Leg Raise	1	0	10	0	0	
2023-06-07 21:39:18	Evening Workout	1h 30m	Flat Leg Raise	2	0	14	0	0	
2023-06-07 21:39:18	Evening Workout	1h 30m	Flat Leg Raise	3	0	8	0	0	
2023-06-12 18:33:32	Arms/Shoulders 	2h 11m	Shoulder Press (Plate Loaded)	1	25	7	0	0	
2023-06-12 18:33:32	Arms/Shoulders 	2h 11m	Shoulder Press (Plate Loaded)	2	25	6	0	0	
2023-06-12 18:33:32	Arms/Shoulders 	2h 11m	Shoulder Press (Plate Loaded)	3	25	7	0	0	
2023-06-12 18:33:32	Arms/Shoulders 	2h 11m	Lateral Raise (Cable)	1	3.75	13	0	0	
2023-06-12 18:33:32	Arms/Shoulders 	2h 11m	Lateral Raise (Cable)	2	3.75	11	0	0	
2023-06-12 18:33:32	Arms/Shoulders 	2h 11m	Lateral Raise (Cable)	3	3.75	8	0	0	
2023-06-12 18:33:32	Arms/Shoulders 	2h 11m	Upright Row (Barbell)	1	17.5	20	0	0	
2023-06-12 18:33:32	Arms/Shoulders 	2h 11m	Upright Row (Barbell)	2	20	13	0	0	
2023-06-12 18:33:32	Arms/Shoulders 	2h 11m	Upright Row (Barbell)	3	20	11	0	0	
2023-06-12 18:33:32	Arms/Shoulders 	2h 11m	Front Raise (Dumbbell)	1	10	10	0	0	
2023-06-12 18:33:32	Arms/Shoulders 	2h 11m	Front Raise (Dumbbell)	2	10	10	0	0	
2023-06-12 18:33:32	Arms/Shoulders 	2h 11m	Front Raise (Dumbbell)	3	10	8	0	0	
2023-06-12 18:33:32	Arms/Shoulders 	2h 11m	Tricep Pushdown Individual (Rope)	1	12.5	20	0	0	
2023-06-12 18:33:32	Arms/Shoulders 	2h 11m	Tricep Pushdown Individual (Rope)	F	12.5	9	0	0	
2023-06-12 18:33:32	Arms/Shoulders 	2h 11m	Tricep Pushdown Individual (Rope)	3	15	13	0	0	
2023-06-12 18:33:32	Arms/Shoulders 	2h 11m	Tricep Pushdown Individual (Rope)	D	15	9	0	0	
2023-06-12 18:33:32	Arms/Shoulders 	2h 11m	Tricep Pushdown Individual (Rope)	F	15	9	0	0	
2023-06-12 18:33:32	Arms/Shoulders 	2h 11m	Tricep Pushdown Individual (Rope)	5	12.5	15	0	0	
2023-06-12 18:33:32	Arms/Shoulders 	2h 11m	Tricep Pushdown Individual (Rope)	D	12.5	7	0	0	
2023-06-12 18:33:32	Arms/Shoulders 	2h 11m	Tricep Pushdown Individual (Rope)	D	12.5	8	0	0	
2023-06-12 18:33:32	Arms/Shoulders 	2h 11m	Tricep Pushdown Individual (Rope)	F	12.5	8	0	0	
2023-06-12 18:33:32	Arms/Shoulders 	2h 11m	Biceps Strict Curls	1	6.25	18	0	0	
2023-06-12 18:33:32	Arms/Shoulders 	2h 11m	Biceps Strict Curls	F	6.25	4	0	0	
2023-06-12 18:33:32	Arms/Shoulders 	2h 11m	Biceps Strict Curls	3	6.25	9	0	0	
2023-06-12 18:33:32	Arms/Shoulders 	2h 11m	Biceps Strict Curls	D	6.25	3	0	0	
2023-06-12 18:33:32	Arms/Shoulders 	2h 11m	Biceps Strict Curls	F	6.25	4	0	0	
2023-06-12 18:33:32	Arms/Shoulders 	2h 11m	Biceps Strict Curls	5	6.25	8	0	0	
2023-06-12 18:33:32	Arms/Shoulders 	2h 11m	Biceps Strict Curls	D	6.25	2	0	0	
2023-06-12 18:33:32	Arms/Shoulders 	2h 11m	Biceps Strict Curls	D	6.25	3	0	0	
2023-06-12 18:33:32	Arms/Shoulders 	2h 11m	Biceps Strict Curls	F	6.25	4	0	0	
2023-06-12 18:33:32	Arms/Shoulders 	2h 11m	Reverse Grip Triceps Extension 	1	15	19	0	0	
2023-06-12 18:33:32	Arms/Shoulders 	2h 11m	Reverse Grip Triceps Extension 	2	15	10	0	0	
2023-06-12 18:33:32	Arms/Shoulders 	2h 11m	Reverse Grip Triceps Extension 	3	15	8	0	0	
2023-06-12 18:33:32	Arms/Shoulders 	2h 11m	Hammer Curl (Cable)	1	21	9	0	0	
2023-06-12 18:33:32	Arms/Shoulders 	2h 11m	Hammer Curl (Cable)	2	21	5	0	0	
2023-06-12 18:33:32	Arms/Shoulders 	2h 11m	Hammer Curl (Cable)	3	21	4	0	0	
2023-06-12 18:33:32	Arms/Shoulders 	2h 11m	Triceps Extension (Cable)	1	10	12	0	0	
2023-06-12 18:33:32	Arms/Shoulders 	2h 11m	Triceps Extension (Cable)	2	10	8	0	0	
2023-06-12 18:33:32	Arms/Shoulders 	2h 11m	Triceps Extension (Cable)	3	10	6	0	0	
2023-06-12 18:33:32	Arms/Shoulders 	2h 11m	Hammer Curl (Dumbbell)	1	12	10	0	0	
2023-06-12 18:33:32	Arms/Shoulders 	2h 11m	Hammer Curl (Dumbbell)	2	12	4	0	0	
2023-06-12 18:33:32	Arms/Shoulders 	2h 11m	Hammer Curl (Dumbbell)	3	12	8	0	0	
2023-06-14 18:37:36	Chest & Back	1h 37m	Straight Arm Pull down 	1	17.5	12	0	0	
2023-06-14 18:37:36	Chest & Back	1h 37m	Straight Arm Pull down 	2	17.5	10	0	0	
2023-06-14 18:37:36	Chest & Back	1h 37m	Straight Arm Pull down 	3	17.5	3	0	0	
2023-06-14 18:37:36	Chest & Back	1h 37m	Bench Press (Barbell)	1	20	1	0	0	
2023-06-14 18:37:36	Chest & Back	1h 37m	Bench Press (Barbell)	2	20	1	0	0	
2023-06-14 18:37:36	Chest & Back	1h 37m	Bench Press (Barbell)	3	15	1	0	0	
2023-06-14 18:37:36	Chest & Back	1h 37m	Iso-Lateral Chest Press (Machine)	1	30	14	0	0	
2023-06-14 18:37:36	Chest & Back	1h 37m	Iso-Lateral Chest Press (Machine)	2	32.5	9	0	0	
2023-06-14 18:37:36	Chest & Back	1h 37m	Iso-Lateral Chest Press (Machine)	3	32.5	8	0	0	
2023-06-14 18:37:36	Chest & Back	1h 37m	Seated Row (Machine)	1	42.5	12	0	0	
2023-06-14 18:37:36	Chest & Back	1h 37m	Seated Row (Machine)	2	42.5	9	0	0	
2023-06-14 18:37:36	Chest & Back	1h 37m	Seated Row (Machine)	3	42.5	10	0	0	
2023-06-15 14:17:18	Afternoon Workout	52m	Shrug (Dumbbell)	1	24	15	0	0	
2023-06-15 14:17:18	Afternoon Workout	52m	Shrug (Dumbbell)	2	16	20	0	0	
2023-06-15 14:17:18	Afternoon Workout	52m	Shrug (Dumbbell)	3	10	20	0	0	
2023-06-19 18:48:23	Chest & Back	1h 29m	Iso-Lateral Chest Press (Machine)	1	32.5	10	0	0	
2023-06-19 18:48:23	Chest & Back	1h 29m	Iso-Lateral Chest Press (Machine)	2	32.5	8	0	0	
2023-06-19 18:48:23	Chest & Back	1h 29m	Iso-Lateral Chest Press (Machine)	3	32.5	6	0	0	
2023-06-19 18:48:23	Chest & Back	1h 29m	Seated Row (Cable)	1	16.5	13	0	0	
2023-06-19 18:48:23	Chest & Back	1h 29m	Seated Row (Cable)	2	16.5	12	0	0	
2023-06-19 18:48:23	Chest & Back	1h 29m	Seated Row (Cable)	3	16.5	8	0	0	
2023-06-19 18:48:23	Chest & Back	1h 29m	Chest Fly (Band)	1	8.75	17	0	0	
2023-06-19 18:48:23	Chest & Back	1h 29m	Chest Fly (Band)	2	11.25	10	0	0	
2023-06-19 18:48:23	Chest & Back	1h 29m	Chest Fly (Band)	3	8.75	5	0	0	
2023-06-20 18:51:16	Legs	1h 20m	Leg Extension (Machine)	1	33	9	0	0	
2023-06-20 18:51:16	Legs	1h 20m	Leg Extension (Machine)	2	33	10	0	0	
2023-06-20 18:51:16	Legs	1h 20m	Seated Leg Curl (Machine)	1	63.5	10	0	0	
2023-06-20 18:51:16	Legs	1h 20m	Seated Leg Curl (Machine)	2	65.5	6	0	0	
2023-06-20 18:51:16	Legs	1h 20m	Lunge (Dumbbell)	1	16	1	0	0	
2023-06-20 18:51:16	Legs	1h 20m	Lunge (Dumbbell)	2	12	1	0	0	
2023-06-20 18:51:16	Legs	1h 20m	Hip Adductor (Machine)	1	89	10	0	0	
2023-06-20 18:51:16	Legs	1h 20m	Hip Adductor (Machine)	2	94	8	0	0	
2023-06-20 18:51:16	Legs	1h 20m	Hip Adductor (Machine)	3	94	12	0	0	
2023-06-21 18:47:55	Arms/Shoulders 	2h 16m	Shoulder Press (Plate Loaded)	1	25	10	0	0	
2023-06-21 18:47:55	Arms/Shoulders 	2h 16m	Shoulder Press (Plate Loaded)	2	25	7	0	0	
2023-06-21 18:47:55	Arms/Shoulders 	2h 16m	Shoulder Press (Plate Loaded)	3	25	7	0	0	
2023-06-21 18:47:55	Arms/Shoulders 	2h 16m	Lateral Raise (Cable)	1	3.75	14	0	0	
2023-06-21 18:47:55	Arms/Shoulders 	2h 16m	Lateral Raise (Cable)	2	3.75	13	0	0	
2023-06-21 18:47:55	Arms/Shoulders 	2h 16m	Lateral Raise (Cable)	3	3.75	13	0	0	
2023-06-21 18:47:55	Arms/Shoulders 	2h 16m	Upright Row (Barbell)	1	20	13	0	0	
2023-06-21 18:47:55	Arms/Shoulders 	2h 16m	Upright Row (Barbell)	2	20	14	0	0	
2023-06-21 18:47:55	Arms/Shoulders 	2h 16m	Upright Row (Barbell)	3	20	13	0	0	
2023-06-21 18:47:55	Arms/Shoulders 	2h 16m	Front Raise (Dumbbell)	1	10	10	0	0	
2023-06-21 18:47:55	Arms/Shoulders 	2h 16m	Front Raise (Dumbbell)	2	10	10	0	0	
2023-06-21 18:47:55	Arms/Shoulders 	2h 16m	Front Raise (Dumbbell)	3	10	8	0	0	
2023-06-21 18:47:55	Arms/Shoulders 	2h 16m	Tricep Pushdown Individual (Rope)	1	12.5	20	0	0	
2023-06-21 18:47:55	Arms/Shoulders 	2h 16m	Tricep Pushdown Individual (Rope)	F	12.5	9	0	0	
2023-06-21 18:47:55	Arms/Shoulders 	2h 16m	Tricep Pushdown Individual (Rope)	3	15	13	0	0	
2023-06-21 18:47:55	Arms/Shoulders 	2h 16m	Tricep Pushdown Individual (Rope)	D	15	7	0	0	
2023-06-21 18:47:55	Arms/Shoulders 	2h 16m	Tricep Pushdown Individual (Rope)	F	15	9	0	0	
2023-06-21 18:47:55	Arms/Shoulders 	2h 16m	Tricep Pushdown Individual (Rope)	5	15	13	0	0	
2023-06-21 18:47:55	Arms/Shoulders 	2h 16m	Tricep Pushdown Individual (Rope)	D	15	7	0	0	
2023-06-21 18:47:55	Arms/Shoulders 	2h 16m	Tricep Pushdown Individual (Rope)	D	15	6	0	0	
2023-06-21 18:47:55	Arms/Shoulders 	2h 16m	Tricep Pushdown Individual (Rope)	F	15	7	0	0	
2023-06-21 18:47:55	Arms/Shoulders 	2h 16m	Biceps Strict Curls	1	7.5	14	0	0	
2023-06-21 18:47:55	Arms/Shoulders 	2h 16m	Biceps Strict Curls	F	7.5	3	0	0	
2023-06-21 18:47:55	Arms/Shoulders 	2h 16m	Biceps Strict Curls	3	7.5	10	0	0	
2023-06-21 18:47:55	Arms/Shoulders 	2h 16m	Biceps Strict Curls	D	7.5	3	0	0	
2023-06-21 18:47:55	Arms/Shoulders 	2h 16m	Biceps Strict Curls	F	7.5	2	0	0	
2023-06-21 18:47:55	Arms/Shoulders 	2h 16m	Biceps Strict Curls	5	7.5	10	0	0	
2023-06-21 18:47:55	Arms/Shoulders 	2h 16m	Biceps Strict Curls	D	7.5	2	0	0	
2023-06-21 18:47:55	Arms/Shoulders 	2h 16m	Biceps Strict Curls	D	7.5	2	0	0	
2023-06-21 18:47:55	Arms/Shoulders 	2h 16m	Biceps Strict Curls	F	7.5	2	0	0	
2023-06-21 18:47:55	Arms/Shoulders 	2h 16m	Reverse Grip Triceps Extension 	1	17.5	8	0	0	
2023-06-21 18:47:55	Arms/Shoulders 	2h 16m	Reverse Grip Triceps Extension 	2	17.5	8	0	0	
2023-06-21 18:47:55	Arms/Shoulders 	2h 16m	Reverse Grip Triceps Extension 	3	17.5	10	0	0	
2023-06-23 18:25:42	Chest & Back	1h 37m	Iso-Lateral Chest Press (Machine)	1	32.5	10	0	0	
2023-06-23 18:25:42	Chest & Back	1h 37m	Iso-Lateral Chest Press (Machine)	2	32.5	5	0	0	
2023-06-23 18:25:42	Chest & Back	1h 37m	Iso-Lateral Chest Press (Machine)	3	32.5	7	0	0	
2023-06-28 18:39:56	Chest & Back	1h 52m	Straight Arm Pull down 	1	17.5	6	0	0	
2023-06-28 18:39:56	Chest & Back	1h 52m	Straight Arm Pull down 	2	17.5	13	0	0	
2023-06-28 18:39:56	Chest & Back	1h 52m	Straight Arm Pull down 	3	17.5	8	0	0	
2023-06-28 18:39:56	Chest & Back	1h 52m	Iso-Lateral Chest Press (Machine)	1	32.5	11	0	0	
2023-06-28 18:39:56	Chest & Back	1h 52m	Iso-Lateral Chest Press (Machine)	2	32.5	7	0	0	
2023-06-28 18:39:56	Chest & Back	1h 52m	Iso-Lateral Chest Press (Machine)	3	32.5	6	0	0	
2023-06-28 18:39:56	Chest & Back	1h 52m	Pull Up (Assisted)	1	0	4	0	0	
2023-06-28 18:39:56	Chest & Back	1h 52m	Pull Up (Assisted)	2	0	5	0	0	
2023-06-28 18:39:56	Chest & Back	1h 52m	Pull Up (Assisted)	3	0	4	0	0	
2023-06-28 18:39:56	Chest & Back	1h 52m	Chest Fly (Band)	1	6.25	8	0	0	
2023-06-28 18:39:56	Chest & Back	1h 52m	Chest Fly (Band)	2	6.25	8	0	0	
2023-06-28 18:39:56	Chest & Back	1h 52m	Chest Fly (Band)	3	6.25	8	0	0	
2023-06-28 18:39:56	Chest & Back	1h 52m	Seated Row (Machine)	1	42.5	9	0	0	
2023-06-29 18:35:58	Arms/Shoulders 	1h 53m	Shoulder Press (Plate Loaded)	1	25	9	0	0	
2023-06-29 18:35:58	Arms/Shoulders 	1h 53m	Shoulder Press (Plate Loaded)	2	25	7	0	0	
2023-06-29 18:35:58	Arms/Shoulders 	1h 53m	Shoulder Press (Plate Loaded)	3	25	7	0	0	
2023-06-29 18:35:58	Arms/Shoulders 	1h 53m	Lateral Raise (Cable)	1	3.75	12	0	0	
2023-06-29 18:35:58	Arms/Shoulders 	1h 53m	Lateral Raise (Cable)	2	3.75	15	0	0	
2023-06-29 18:35:58	Arms/Shoulders 	1h 53m	Lateral Raise (Cable)	3	3.75	10	0	0	
2023-06-29 18:35:58	Arms/Shoulders 	1h 53m	Upright Row (Barbell)	1	20	14	0	0	
2023-06-29 18:35:58	Arms/Shoulders 	1h 53m	Upright Row (Barbell)	2	20	14	0	0	
2023-06-29 18:35:58	Arms/Shoulders 	1h 53m	Upright Row (Barbell)	3	20	13	0	0	
2023-06-29 18:35:58	Arms/Shoulders 	1h 53m	Front Raise (Dumbbell)	1	10	10	0	0	
2023-06-29 18:35:58	Arms/Shoulders 	1h 53m	Front Raise (Dumbbell)	2	10	10	0	0	
2023-06-29 18:35:58	Arms/Shoulders 	1h 53m	Front Raise (Dumbbell)	3	10	8	0	0	
2023-06-29 18:35:58	Arms/Shoulders 	1h 53m	Tricep Pushdown Individual (Rope)	1	12.5	20	0	0	
2023-06-29 18:35:58	Arms/Shoulders 	1h 53m	Tricep Pushdown Individual (Rope)	F	12.5	7	0	0	
2023-06-29 18:35:58	Arms/Shoulders 	1h 53m	Tricep Pushdown Individual (Rope)	3	12.5	14	0	0	
2023-06-29 18:35:58	Arms/Shoulders 	1h 53m	Tricep Pushdown Individual (Rope)	D	12.5	10	0	0	
2023-06-29 18:35:58	Arms/Shoulders 	1h 53m	Tricep Pushdown Individual (Rope)	F	12.5	10	0	0	
2023-06-29 18:35:58	Arms/Shoulders 	1h 53m	Tricep Pushdown Individual (Rope)	5	15	12	0	0	
2023-06-29 18:35:58	Arms/Shoulders 	1h 53m	Tricep Pushdown Individual (Rope)	D	15	4	0	0	
2023-06-29 18:35:58	Arms/Shoulders 	1h 53m	Tricep Pushdown Individual (Rope)	D	15	5	0	0	
2023-06-29 18:35:58	Arms/Shoulders 	1h 53m	Tricep Pushdown Individual (Rope)	F	15	5	0	0	
2023-06-29 18:35:58	Arms/Shoulders 	1h 53m	Biceps Strict Curls	1	7.5	15	0	0	
2023-06-29 18:35:58	Arms/Shoulders 	1h 53m	Biceps Strict Curls	F	7.5	4	0	0	
2023-06-29 18:35:58	Arms/Shoulders 	1h 53m	Biceps Strict Curls	3	7.5	12	0	0	
2023-06-29 18:35:58	Arms/Shoulders 	1h 53m	Biceps Strict Curls	D	7.5	2	0	0	
2023-06-29 18:35:58	Arms/Shoulders 	1h 53m	Biceps Strict Curls	F	7.5	2	0	0	
2023-06-29 18:35:58	Arms/Shoulders 	1h 53m	Biceps Strict Curls	5	7.5	9	0	0	
2023-06-29 18:35:58	Arms/Shoulders 	1h 53m	Biceps Strict Curls	D	7.5	3	0	0	
2023-06-29 18:35:58	Arms/Shoulders 	1h 53m	Biceps Strict Curls	D	7.5	2	0	0	
2023-06-29 18:35:58	Arms/Shoulders 	1h 53m	Biceps Strict Curls	F	7.5	2	0	0	
2023-07-03 17:40:57	Chest & Back	2h 3m	Straight Arm Pull down 	1	17.5	10	0	0	
2023-07-03 17:40:57	Chest & Back	2h 3m	Straight Arm Pull down 	2	17.5	8	0	0	
2023-07-03 17:40:57	Chest & Back	2h 3m	Straight Arm Pull down 	3	17.5	10	0	0	
2023-07-03 17:40:57	Chest & Back	2h 3m	Iso-Lateral Chest Press (Machine)	1	32.5	6	0	0	
2023-07-03 17:40:57	Chest & Back	2h 3m	Iso-Lateral Chest Press (Machine)	2	32.5	5	0	0	
2023-07-03 17:40:57	Chest & Back	2h 3m	Iso-Lateral Chest Press (Machine)	3	32.5	5	0	0	
2023-07-03 17:40:57	Chest & Back	2h 3m	Pull Up (Assisted)	1	0	5	0	0	
2023-07-03 17:40:57	Chest & Back	2h 3m	Pull Up (Assisted)	2	0	5	0	0	
2023-07-03 17:40:57	Chest & Back	2h 3m	Pull Up (Assisted)	3	0	4	0	0	
2023-07-05 18:23:55	Arms/Shoulders 	2h 14m	Shoulder Press (Plate Loaded)	1	25	10	0	0	
2023-07-05 18:23:55	Arms/Shoulders 	2h 14m	Shoulder Press (Plate Loaded)	2	25	8	0	0	
2023-07-05 18:23:55	Arms/Shoulders 	2h 14m	Shoulder Press (Plate Loaded)	3	25	7	0	0	
2023-07-05 18:23:55	Arms/Shoulders 	2h 14m	Shoulder Press (Machine)	1	20	8	0	0	
2023-07-05 18:23:55	Arms/Shoulders 	2h 14m	Shoulder Press (Machine)	2	25	5	0	0	
2023-07-05 18:23:55	Arms/Shoulders 	2h 14m	Shoulder Press (Machine)	3	25	12	0	0	
2023-07-05 18:23:55	Arms/Shoulders 	2h 14m	Upright Row (Barbell)	1	20	20	0	0	
2023-07-05 18:23:55	Arms/Shoulders 	2h 14m	Upright Row (Barbell)	2	25	11	0	0	
2023-07-05 18:23:55	Arms/Shoulders 	2h 14m	Upright Row (Barbell)	3	25	10	0	0	
2023-07-05 18:23:55	Arms/Shoulders 	2h 14m	Tricep Pushdown Individual (Rope)	1	15	19	0	0	
2023-07-05 18:23:55	Arms/Shoulders 	2h 14m	Tricep Pushdown Individual (Rope)	F	15	6	0	0	
2023-07-05 18:23:55	Arms/Shoulders 	2h 14m	Tricep Pushdown Individual (Rope)	3	15	17	0	0	
2023-07-05 18:23:55	Arms/Shoulders 	2h 14m	Tricep Pushdown Individual (Rope)	D	15	6	0	0	
2023-07-05 18:23:55	Arms/Shoulders 	2h 14m	Tricep Pushdown Individual (Rope)	F	15	6	0	0	
2023-07-05 18:23:55	Arms/Shoulders 	2h 14m	Tricep Pushdown Individual (Rope)	5	15	17	0	0	
2023-07-05 18:23:55	Arms/Shoulders 	2h 14m	Tricep Pushdown Individual (Rope)	D	15	5	0	0	
2023-07-05 18:23:55	Arms/Shoulders 	2h 14m	Tricep Pushdown Individual (Rope)	D	15	7	0	0	
2023-07-05 18:23:55	Arms/Shoulders 	2h 14m	Tricep Pushdown Individual (Rope)	F	15	7	0	0	
2023-07-05 18:23:55	Arms/Shoulders 	2h 14m	Bicep Curl (Machine)	1	39	10	0	0	
2023-07-05 18:23:55	Arms/Shoulders 	2h 14m	Bicep Curl (Machine)	2	39	10	0	0	
2023-07-05 18:23:55	Arms/Shoulders 	2h 14m	Bicep Curl (Machine)	3	39	10	0	0	
2023-10-02 20:45:24	Evening Workout	1h 27m	Over Head Triceps	1	7	12	0	0	
2023-10-02 20:45:24	Evening Workout	1h 27m	Over Head Triceps	2	8	7	0	0	
2023-10-02 20:45:24	Evening Workout	1h 27m	Over Head Triceps	3	8	8	0	0	
2023-10-02 20:45:24	Evening Workout	1h 27m	Bicep Curl (Cable)	1	7	11	0	0	
2023-10-02 20:45:24	Evening Workout	1h 27m	Bicep Curl (Cable)	2	7	7	0	0	
2023-10-02 20:45:24	Evening Workout	1h 27m	Bicep Curl (Cable)	3	7	6	0	0	
2023-10-02 20:45:24	Evening Workout	1h 27m	Tricep Pushdown Individual (Rope)	1	2	5	0	0	
2023-10-02 20:45:24	Evening Workout	1h 27m	Tricep Pushdown Individual (Rope)	2	2	5	0	0	
2023-10-02 20:45:24	Evening Workout	1h 27m	Tricep Pushdown Individual (Rope)	3	2	5	0	0	
2023-10-02 20:45:24	Evening Workout	1h 27m	Close Grip Biceps	1	6	11	0	0	
2023-10-02 20:45:24	Evening Workout	1h 27m	Close Grip Biceps	2	6	6	0	0	
2023-10-02 20:45:24	Evening Workout	1h 27m	Close Grip Biceps	3	5	5	0	0	
2023-10-02 20:45:24	Evening Workout	1h 27m	Reverse Curl (Barbell)	1	17.5	15	0	0	
2023-10-02 20:45:24	Evening Workout	1h 27m	Reverse Curl (Barbell)	2	17.5	11	0	0	
2023-10-02 20:45:24	Evening Workout	1h 27m	Reverse Curl (Barbell)	3	17.5	10	0	0	
2023-10-02 20:45:24	Evening Workout	1h 27m	Hammer Curl (Cable)	1	3	5	0	0	
2023-10-02 20:45:24	Evening Workout	1h 27m	Hammer Curl (Cable)	2	3	5	0	0	
2023-10-02 20:45:24	Evening Workout	1h 27m	Hammer Curl (Cable)	3	3	5	0	0	
2023-10-02 20:45:24	Evening Workout	1h 27m	Hammer Curl (Dumbbell)	1	10	4	0	0	
2023-10-02 20:45:24	Evening Workout	1h 27m	Hammer Curl (Dumbbell)	2	6	15	0	0	
2023-10-02 20:45:24	Evening Workout	1h 27m	Hammer Curl (Dumbbell)	3	6	7	0	0	
2023-10-04 19:26:01	Legs	29m	Leg Extension (Machine)	1	8	15	0	0	
2023-10-04 19:26:01	Legs	29m	Leg Extension (Machine)	2	9	20	0	0	
2023-10-04 19:26:01	Legs	29m	Seated Leg Curl (Machine)	1	8	10	0	0	
2023-10-04 19:26:01	Legs	29m	Seated Leg Curl (Machine)	2	9	12	0	0	
2023-10-04 19:26:01	Legs	29m	Hip Adductor (Machine)	1	89	10	0	0	
2023-10-04 19:26:01	Legs	29m	Hip Adductor (Machine)	2	94	8	0	0	
2023-10-04 19:26:01	Legs	29m	Hip Adductor (Machine)	3	94	12	0	0	
2026-02-16 20:03:36	Arms/Shoulders 	41h 10m	Shoulder Press (Plate Loaded)	1	25	10	0	0	
2026-02-16 20:03:36	Arms/Shoulders 	41h 10m	Shoulder Press (Plate Loaded)	2	25	8	0	0	
2026-02-16 20:03:36	Arms/Shoulders 	41h 10m	Shoulder Press (Plate Loaded)	3	25	7	0	0	
2026-02-16 20:03:36	Arms/Shoulders 	41h 10m	Shoulder Press (Machine)	1	20	8	0	0	
2026-02-16 20:03:36	Arms/Shoulders 	41h 10m	Shoulder Press (Machine)	2	25	5	0	0	
2026-02-16 20:03:36	Arms/Shoulders 	41h 10m	Shoulder Press (Machine)	3	25	12	0	0	
2026-02-16 20:03:36	Arms/Shoulders 	41h 10m	Upright Row (Barbell)	1	20	20	0	0	
2026-02-16 20:03:36	Arms/Shoulders 	41h 10m	Upright Row (Barbell)	2	25	11	0	0	
2026-02-16 20:03:36	Arms/Shoulders 	41h 10m	Upright Row (Barbell)	3	25	10	0	0	
2026-02-16 20:03:36	Arms/Shoulders 	41h 10m	Tricep Pushdown Individual (Rope)	1	15	19	0	0	
2026-02-16 20:03:36	Arms/Shoulders 	41h 10m	Tricep Pushdown Individual (Rope)	F	15	6	0	0	
2026-02-16 20:03:36	Arms/Shoulders 	41h 10m	Tricep Pushdown Individual (Rope)	3	15	17	0	0	
2026-02-16 20:03:36	Arms/Shoulders 	41h 10m	Tricep Pushdown Individual (Rope)	D	15	6	0	0	
2026-02-16 20:03:36	Arms/Shoulders 	41h 10m	Tricep Pushdown Individual (Rope)	F	15	6	0	0	
2026-02-16 20:03:36	Arms/Shoulders 	41h 10m	Tricep Pushdown Individual (Rope)	5	15	17	0	0	
2026-02-16 20:03:36	Arms/Shoulders 	41h 10m	Tricep Pushdown Individual (Rope)	D	15	5	0	0	
2026-02-16 20:03:36	Arms/Shoulders 	41h 10m	Tricep Pushdown Individual (Rope)	D	15	7	0	0	
2026-02-16 20:03:36	Arms/Shoulders 	41h 10m	Tricep Pushdown Individual (Rope)	F	15	7	0	0	
2026-02-16 20:03:36	Arms/Shoulders 	41h 10m	Bicep Curl (Machine)	1	39	10	0	0	
2026-02-16 20:03:36	Arms/Shoulders 	41h 10m	Bicep Curl (Machine)	2	39	10	0	0	
2026-02-16 20:03:36	Arms/Shoulders 	41h 10m	Bicep Curl (Machine)	3	39	10	0	0	